"","Match","Day","Week Day","Date","Time","Venue","Position","Team","Formation","Attendance","Result...11","Season","Goals_H","Goals_A","Result...15","WDL","Momentum","Pre/Post Covid"
"1","Group Stage","45918.0","Thu",2025-09-18,1899-12-31 21:00:00,"A",NA,"Newcastle","4-2-3-1",52084,"0.043055555555555555","25/26","1","2","12","WIN",1,NA
"2","Group Stage","45931.0","Wed",2025-10-01,1899-12-31 21:00:00,"H",NA,"PSG","4-2-3-1",50207,"0.043055555555555555","25/26","1","2","12","LOSS",-1,NA
"3","Group Stage","45951.0","Tue",2025-10-21,1899-12-31 18:45:00,"H",NA,"Olympiacos","4-2-3-1",46264,"0.25069444444444444","25/26","6","1","61","WIN",1,NA
"4","Group Stage","45966.0","Tue",2025-11-05,1899-12-31 21:00:00,"A",NA,"Club Brugge","4-2-3-1",27037,"0.12708333333333333","25/26","3","3","33","DRAW",0,NA
"5","8.0","Sun","Sun",2025-10-05,1899-12-31 16:15:00,"A","(1.)","Sevilla FC (9.)","4-2-3-1",41040,"0.1673611111111111","25/26","4","1","41","LOSS",-1,NA
"6","9.0","Sat","Sat",2025-10-18,1899-12-31 16:15:00,"H","(2.)","Girona (18.)","4-3-3 ofensivo",43172,"0.08402777777777778","25/26","2","1","21","WIN",1,NA
"7","10.0","Sun","Sun",2025-10-26,1899-12-31 16:15:00,"A","(2.)","Real Madrid (1.)","4-2-3-1",78107,"0.08402777777777778","25/26","2","1","21","LOSS",-1,NA
"8","11.0","Sun","Sun",2025-11-02,1899-12-31 18:30:00,"H","(2.)","Elche CF (8.)","4-2-3-1",44370,"0.12569444444444444","25/26","3","1","31","WIN",1,NA
"9","12.0","Sun","Sun",2025-11-09,1899-12-31 21:00:00,"A","(2.)","Celta de Vigo (12.)","4-3-3 ofensivo",21887,"0.08611111111111111","25/26","2","4","24","WIN",1,NA
"10","1.0","Sat","Sat",2025-08-16,1899-12-31 19:30:00,"A","(1.)","RCD Mallorca (18.)","4-2-3-1",23318,"0.0020833333333333333","25/26","0","3","03","WIN",1,NA
"11","2.0","Sat","Sat",2025-08-23,1899-12-31 21:30:00,"A","(1.)","Levante (15.)","4-2-3-1",23415,"0.08541666666666667","25/26","2","3","23","WIN",1,NA
"12","3.0","Sun","Sun",2025-08-31,1899-12-31 21:30:00,"A","(2.)","Rayo Vallecano (8.)","4-2-3-1",14438,"0.04236111111111111","25/26","1","1","11","DRAW",0,NA
"13","4.0","Sun 14/09","Sun",2025-09-14,1899-12-31 21:00:00,"H","(4.)","Valencia (9.)","4-2-3-1",5862,"0.25","25/26","6","0","60","WIN",1,NA
"14","5.0","Sun 21/09","Sun",2025-09-21,1899-12-31 21:00:00,"H","(2.)","Getafe (5.)","4-2-3-1",5711,"0.125","25/26","3","0","30","WIN",1,NA
"15","6.0","Thu 25/09","Thu",2025-09-25,1899-12-31 21:30:00,"A","(2.)","Real Oviedo (17.)","4-2-3-1",29850,"0.04375","25/26","1","3","13","WIN",1,NA
"16","7.0","Sun 28/09","Sun",2025-09-28,1899-12-31 18:30:00,"H","(2.)","Real Sociedad (16.)","4-2-3-1",50103,"0.08402777777777778","25/26","2","1","21","WIN",1,NA
"17","1.0","Sat 17/08/2024","Sat",2024-08-17,1899-12-31 21:30:00,"A","(1.)","Valencia (12.)","4-2-3-1",46673,"0.043055555555555555","24/25","1","2","12","WIN",1,NA
"18","2.0","Sat 24/08/2024","Sat",2024-08-24,1899-12-31 19:00:00,"H","(1.)","Athletic Club (12.)","4-2-3-1",46448,"0.08402777777777778","24/25","2","1","21","WIN",1,NA
"19","3.0","Tue 27/08/2024","Tue",2024-08-27,1899-12-31 21:30:00,"A","(2.)","Rayo Vallecano (8.)","4-2-3-1",14031,"0.043055555555555555","24/25","1","2","12","WIN",1,NA
"20","4.0","Sat 31/08/2024","Sat",2024-08-31,1899-12-31 17:00:00,"H","(1.)","Real Valladolid (12.)","4-3-3 Attacking",44359,"0.2916666666666667","24/25","7","0","70","WIN",1,NA
"21","5.0","Sun 15/09/2024","Sun",2024-09-15,1899-12-31 16:15:00,"A","(1.)","Girona (5.)","4-2-3-1",13891,"0.044444444444444446","24/25","1","4","14","WIN",1,NA
"22","6.0","Sun 22/09/2024","Sun",2024-09-22,1899-12-31 18:30:00,"A","(1.)","Villarreal (4.)","4-3-3 Attacking",22048,"0.04513888888888889","24/25","1","5","15","WIN",1,NA
"23","7.0","Wed 25/09/2024","Wed",2024-09-25,1899-12-31 21:00:00,"H","(1.)","Getafe (18.)","4-3-3 Attacking",44407,"0.041666666666666664","24/25","1","0","10","WIN",1,NA
"24","8.0","Sat 28/09/2024","Sat",2024-09-28,1899-12-31 21:00:00,"A","(1.)","CA Osasuna (6.)","4-3-3 Attacking",22322,"0.16805555555555557","24/25","4","2","42","LOSS",-1,NA
"25","9.0","Sun 06/10/2024","Sun",2024-10-06,1899-12-31 16:15:00,"A","(1.)","Alavés (11.)","4-2-3-1",19468,"0.0020833333333333333","24/25","0","3","03","WIN",1,NA
"26","10.0","Sun 20/10/2024","Sun",2024-10-20,1899-12-31 21:00:00,"H","(1.)","Sevilla FC (12.)","4-2-3-1",47848,"0.20902777777777778","24/25","5","1","51","WIN",1,NA
"27","11.0","Sat 26/10/2024","Sat",2024-10-26,1899-12-31 21:00:00,"A","(1.)","Real Madrid (2.)","4-2-3-1",78192,"0.002777777777777778","24/25","0","4","04","WIN",1,NA
"28","12.0","Sun 03/11/2024","Sun",2024-11-03,1899-12-31 16:15:00,"H","(1.)","Espanyol (16.)","4-2-3-1",48843,"0.12569444444444444","24/25","3","1","31","WIN",1,NA
"29","13.0","Sun 10/11/2024","Sun",2024-11-10,1899-12-31 21:00:00,"A","(1.)","Real Sociedad (11.)","4-3-3 Attacking",36194,"0.041666666666666664","24/25","1","0","10","LOSS",-1,NA
"30","14.0","Sat 23/11/2024","Sat",2024-11-23,1899-12-31 21:00:00,"A","(1.)","Celta de Vigo (12.)","4-3-3 Attacking",24573,"0.08472222222222223","24/25","2","2","22","DRAW",0,NA
"31","15.0","Sat 30/11/2024","Sat",2024-11-30,1899-12-31 14:00:00,"H","(1.)","UD Las Palmas (17.)","4-2-3-1",43921,"0.043055555555555555","24/25","1","2","12","LOSS",-1,NA
"32","16.0","Sat 07/12/2024","Sat",2024-12-07,1899-12-31 16:15:00,"A","(2.)","Real Betis (10.)","4-3-3 Attacking",51749,"0.08472222222222223","24/25","2","2","22","DRAW",0,NA
"33","17.0","Sun 15/12/2024","Sun",2024-12-15,1899-12-31 21:00:00,"H","(2.)","CD Leganés (17.)","4-2-3-1",39523,"6.944444444444445E-4","24/25","0","1","01","LOSS",-1,NA
"34","18.0","Sat 21/12/2024","Sat",2024-12-21,1899-12-31 21:00:00,"H","(3.)","Atlético (2.)","4-3-3 Attacking",46249,"0.043055555555555555","24/25","1","2","12","LOSS",-1,NA
"35","19.0","Tue 03/12/2024","Tue",2024-12-03,1899-12-31 19:00:00,"A","(3.)","RCD Mallorca (6.)","4-2-3-1",22352,"0.04513888888888889","24/25","1","5","15","WIN",1,NA
"36","20.0","Sat 18/01","Sat",2025-01-18,1899-12-31 21:00:00,"A","(3.)","Getafe (15.)","4-3-3 Attacking",15134,"0.04236111111111111","24/25","1","1","11","DRAW",0,NA
"37","21.0","Sun 26/01","Sun",2025-01-26,1899-12-31 21:00:00,"H","(3.)","Valencia (19.)","4-2-3-1",45312,"0.2923611111111111","24/25","7","1","71","WIN",1,NA
"38","22.0","Sun 02/02","Sun",2025-02-02,1899-12-31 14:00:00,"H","(3.)","Alavés (17.)","4-3-3 Attacking",42900,"0.041666666666666664","24/25","1","0","10","WIN",1,NA
"39","23.0","Sun 09/02","Sun",2025-02-09,1899-12-31 21:00:00,"A","(3.)","Sevilla FC (12.)","4-3-3 Attacking",38592,"0.044444444444444446","24/25","1","4","14","WIN",1,NA
"40","24.0","Mon 17/02","Mon",2025-02-17,1899-12-31 21:00:00,"H","(3.)","Rayo Vallecano (6.)","4-3-3 Attacking",45296,"0.041666666666666664","24/25","1","0","10","WIN",1,NA
"41","25.0","Sat 22/02","Sat",2025-02-22,1899-12-31 21:00:00,"A","(1.)","UD Las Palmas (17.)","4-2-3-1",30746,"0.001388888888888889","24/25","0","2","02","WIN",1,NA
"42","26.0","Sun 02/03","Sun",2025-03-02,1899-12-31 16:15:00,"H","(1.)","Real Sociedad (9.)","4-2-3-1",46324,"0.16666666666666666","24/25","4","0","40","WIN",1,NA
"43","27.0","Thu 27/03","Thu",2025-03-27,1899-12-31 21:00:00,"H","(1.)","CA Osasuna (11.)","4-3-3 Attacking",42319,"0.125","24/25","3","0","30","WIN",1,NA
"44","28.0","Sun 16/03","Sun",2025-03-16,1899-12-31 21:00:00,"A","(1.)","Atlético (3.)","4-2-3-1",67602,"0.08611111111111111","24/25","2","4","24","WIN",1,NA
"45","29.0","Sun 30/03","Sun",2025-03-30,1899-12-31 16:15:00,"H","(1.)","Girona (13.)","4-2-3-1",48258,"0.1673611111111111","24/25","4","1","41","WIN",1,NA
"46","30.0","Sat 05/04","Sat",2025-04-05,1899-12-31 21:00:00,"H","(1.)","Real Betis (6.)","4-2-3-1",47043,"0.04236111111111111","24/25","1","1","11","DRAW",0,NA
"47","31.0","Sat 12/04","Sat",2025-04-12,1899-12-31 21:00:00,"A","(1.)","CD Leganés (18.)","4-2-3-1",12530,"6.944444444444445E-4","24/25","0","1","01","WIN",1,NA
"48","32.0","Sat 19/04","Sat",2025-04-19,1899-12-31 16:15:00,"H","(1.)","Celta de Vigo (7.)","4-3-3 Attacking",48569,"0.16875","24/25","4","3","43","WIN",1,NA
"49","33.0","Tue 22/04","Tue",2025-04-22,1899-12-31 21:30:00,"H","(1.)","RCD Mallorca (7.)","4-2-3-1",45602,"0.041666666666666664","24/25","1","0","10","WIN",1,NA
"50","34.0","Sat 03/05","Sat",2025-05-03,1899-12-31 21:00:00,"A","(1.)","Real Valladolid (20.)","4-2-3-1",23967,"0.043055555555555555","24/25","1","2","12","WIN",1,NA
"51","35.0","Sun 11/05","Sun",2025-05-11,1899-12-31 16:15:00,"H","(1.)","Real Madrid (2.)","4-2-3-1",50319,"0.16875","24/25","4","3","43","WIN",1,NA
"52","36.0","Thu 15/05","Thu",2025-05-15,1899-12-31 21:30:00,"A","(1.)","Espanyol (14.)","4-2-3-1",34283,"0.001388888888888889","24/25","0","2","02","WIN",1,NA
"53","37.0","Sun 18/05","Sun",2025-05-18,1899-12-31 19:00:00,"H","(1.)","Villarreal (5.)","4-2-3-1",49558,"0.08541666666666667","24/25","2","3","23","LOSS",-1,NA
"54","38.0","Sun 25/05","Sun",2025-05-25,1899-12-31 21:00:00,"A","(1.)","Athletic Club (4.)","4-2-3-1",50231,"0.0020833333333333333","24/25","0","3","03","WIN",1,NA
"55","Group Stage","Thu 19/09/2024","Thu",2024-09-19,1899-12-31 21:00:00,"A",NA,"Monaco","4-2-3-1",13296,"0.08402777777777778","24/25","2","1","21","LOSS",-1,NA
"56","Group Stage","Tue 01/10/2024","Tue",2024-10-01,1899-12-31 21:00:00,"H",NA,"Young Boys Basel","4-2-3-1",45097,"0.20833333333333334","24/25","5","0","50","WIN",1,NA
"57","Group Stage","Wed 23/10/2024","Wed",2024-10-23,1899-12-31 21:00:00,"H",NA,"Bayern Munich","4-2-3-1",50312,"0.1673611111111111","24/25","4","1","41","WIN",1,NA
"58","Group Stage","Wed 06/11/2024","Wed",2024-11-06,1899-12-31 21:00:00,"A",NA,"Red Star","4-2-3-1",48886,"0.08680555555555555","24/25","2","5","25","WIN",1,NA
"59","Group Stage","Tue 26/11/2024","Tue",2024-11-26,1899-12-31 21:00:00,"H",NA,"Stade Brestois","4-2-3-1",46317,"0.125","24/25","3","0","30","WIN",1,NA
"60","Group Stage","Wed 11/12/2024","Wed",2024-12-11,1899-12-31 21:00:00,"A",NA,"Dortmund","4-2-3-1",81365,"0.08541666666666667","24/25","2","3","23","WIN",1,NA
"61","Group Stage","Tue 21/01","Tue",2025-01-21,1899-12-31 21:00:00,"A",NA,"Benfica","4-2-3-1",63225,"0.1701388888888889","24/25","4","5","45","WIN",1,NA
"62","Group Stage","Wed 29/01","Wed",2025-01-29,1899-12-31 21:00:00,"H",NA,"Atalanta","4-2-3-1",42728,"0.08472222222222223","24/25","2","2","22","DRAW",0,NA
"63","last 16 1st leg","Wed 05/03","Wed",2025-03-05,1899-12-31 21:00:00,"A",NA,"Benfica","4-3-3 Attacking",62437,"6.944444444444445E-4","24/25","0","1","01","WIN",1,NA
"64","last 16 2nd leg","Tue 11/03","Tue",2025-03-11,1899-12-31 18:45:00,"H",NA,"Benfica","4-2-3-1",47111,"0.12569444444444444","24/25","3","1","31","WIN",1,NA
"65","Quarter-Finals 1st leg","Wed 09/04","Wed",2025-04-09,1899-12-31 21:00:00,"H",NA,"Dortmund","4-2-3-1",49760,"0.16666666666666666","24/25","4","0","40","WIN",1,NA
"66","Quarter-Finals 2nd leg","Tue 15/04","Tue",2025-04-15,1899-12-31 21:00:00,"A",NA,"Dortmund","4-2-3-1",81365,"0.12569444444444444","24/25","3","1","31","LOSS",-1,NA
"67","Semi-Finals 1st Leg","Wed 30/04","Wed",2025-04-30,1899-12-31 21:00:00,"H",NA,"Inter","4-2-3-1",50314,"0.12708333333333333","24/25","3","3","33","DRAW",0,NA
"68","Semi-Finals 2nd Leg","Tue 06/05","Tue",2025-05-06,1899-12-31 21:00:00,"A",NA,"Inter","4-2-3-1",75504,"4:3 AET","24/25","4.0","3.0","43","LOSS",-1,NA
"69","Third Round","Sat 04/01","Sat",2025-01-04,1899-12-31 19:00:00,"A",NA,"UD Barbastro","4-3-3 Attacking",5500,"0.002777777777777778","24/25","0","4","04","WIN",1,NA
"70","Round of 16","Wed 15/01","Wed",2025-01-15,1899-12-31 21:00:00,"H",NA,"Real Betis","4-3-3 Attacking",46019,"0.20902777777777778","24/25","5","1","51","WIN",1,NA
"71","Quarter-Finals","Thu 06/02","Thu",2025-02-06,1899-12-31 21:30:00,"A",NA,"Valencia","4-3-3 Attacking",46806,"0.003472222222222222","24/25","0","5","05","WIN",1,NA
"72","Semi-Finals 1st Leg","Tue 25/02","Tue",2025-02-25,1899-12-31 21:30:00,"H",NA,"Atlético","4-2-3-1",40915,"0.16944444444444445","24/25","4","4","44","DRAW",0,NA
"73","Semi-Finals 2nd Leg","Wed 02/04","Wed",2025-04-02,1899-12-31 21:30:00,"A",NA,"Atlético","4-2-3-1",60739,"6.944444444444445E-4","24/25","0","1","01","WIN",1,NA
"74","Final","Sat 26/04","Sat",2025-04-26,1899-12-31 22:00:00,"H",NA,"Real Madrid","4-2-3-1",70000,"3:2 AET","24/25","3.0","2.0","32","WIN",1,NA
"75","1.0","Sun 13/08/2023","Sun",2023-08-13,1899-12-31 21:30:00,"A","(2.)","Getafe (12.)","4-2-3-1",13410,"0.0","23/24","0","0","00","DRAW",0,NA
"76","2.0","Sun 20/08/2023","Sun",2023-08-20,1899-12-31 19:30:00,"H","(12.)","Cádiz CF (7.)","3-4-2-1",39603,"0.08333333333333333","23/24","2","0","20","WIN",1,NA
"77","3.0","Sun 27/08/2023","Sun",2023-08-27,1899-12-31 17:30:00,"A","(6.)","Villarreal (11.)","4-3-3 Attacking",21679,"0.12777777777777777","23/24","3","4","34","WIN",1,NA
"78","4.0","Sun 03/09/2023","Sun",2023-09-03,1899-12-31 21:00:00,"A","(4.)","CA Osasuna (6.)","4-3-3 Attacking",21966,"0.043055555555555555","23/24","1","2","12","WIN",1,NA
"79","5.0","Sat 16/09/2023","Sat",2023-09-16,1899-12-31 21:00:00,"H","(4.)","Real Betis (7.)","4-3-3 Attacking",45055,"0.20833333333333334","23/24","5","0","50","WIN",1,NA
"80","6.0","Sat 23/09/2023","Sat",2023-09-23,1899-12-31 18:30:00,"H","(2.)","Celta de Vigo (16.)","4-3-3 Attacking",43272,"0.12638888888888888","23/24","3","2","32","WIN",1,NA
"81","7.0","Tue 26/09/2023","Tue",2023-09-26,1899-12-31 21:30:00,"A","(1.)","RCD Mallorca (16.)","4-3-3 Attacking",19939,"0.08472222222222223","23/24","2","2","22","DRAW",0,NA
"82","8.0","Fri 29/09/2023","Fri",2023-09-29,1899-12-31 21:00:00,"H","(3.)","Sevilla FC (12.)","4-3-3 Attacking",41116,"0.041666666666666664","23/24","1","0","10","WIN",1,NA
"83","9.0","Sun 08/10/2023","Sun",2023-10-08,1899-12-31 21:00:00,"A","(2.)","Granada CF (19.)","4-3-3 Attacking",20354,"0.08472222222222223","23/24","2","2","22","DRAW",0,NA
"84","10.0","Sun 22/10/2023","Sun",2023-10-22,1899-12-31 21:00:00,"H","(4.)","Athletic Club (5.)","4-3-3 Attacking",38194,"0.041666666666666664","23/24","1","0","10","WIN",1,NA
"85","11.0","Sat 28/10/2023","Sat",2023-10-28,1899-12-31 16:15:00,"H","(4.)","Real Madrid (2.)","4-3-3 Attacking",50112,"0.043055555555555555","23/24","1","2","12","LOSS",-1,NA
"86","12.0","Sat 04/11/2023","Sat",2023-11-04,1899-12-31 21:00:00,"A","(4.)","Real Sociedad (5.)","4-2-3-1",37555,"6.944444444444445E-4","23/24","0","1","01","WIN",1,NA
"87","13.0","Sun 12/11/2023","Sun",2023-11-12,1899-12-31 16:15:00,"H","(4.)","Alavés (14.)","4-3-3 Attacking",38133,"0.08402777777777778","23/24","2","1","21","WIN",1,NA
"88","14.0","Sat 25/11/2023","Sat",2023-11-25,1899-12-31 14:00:00,"A","(4.)","Rayo Vallecano (10.)","4-3-3 Attacking",14148,"0.04236111111111111","23/24","1","1","11","DRAW",0,NA
"89","15.0","Sun 03/12/2023","Sun",2023-12-03,1899-12-31 21:00:00,"H","(4.)","Atlético (3.)","4-3-3 Attacking",34568,"0.041666666666666664","23/24","1","0","10","WIN",1,NA
"90","16.0","Sun 10/12/2023","Sun",2023-12-10,1899-12-31 21:00:00,"H","(4.)","Girona (2.)","4-3-3 Attacking",42848,"0.08611111111111111","23/24","2","4","24","LOSS",-1,NA
"91","17.0","Sat 16/12/2023","Sat",2023-12-16,1899-12-31 21:00:00,"A","(4.)","Valencia (11.)","4-3-3 Attacking",46492,"0.04236111111111111","23/24","1","1","11","DRAW",0,NA
"92","18.0","Wed 20/12/2023","Wed",2023-12-20,1899-12-31 19:00:00,"H","(4.)","UD Almería (20.)","4-3-3 Attacking",34471,"0.12638888888888888","23/24","3","2","32","WIN",1,NA
"93","19.0","Thu 04/01/2024","Thu",2024-01-04,1899-12-31 21:30:00,"A","(4.)","UD Las Palmas (9.)","4-3-3 Attacking",31712,"0.043055555555555555","23/24","1","2","12","WIN",1,NA
"94","20.0","Wed 31/01/2024","Wed",2024-01-31,1899-12-31 19:00:00,"H","(3.)","CA Osasuna (12.)","4-3-3 Attacking",37888,"0.041666666666666664","23/24","1","0","10","WIN",1,NA
"95","21.0","Sun 21/01/2024","Sun",2024-01-21,1899-12-31 18:30:00,"A","(3.)","Real Betis (7.)","4-3-3 Attacking",53288,"0.08611111111111111","23/24","2","4","24","WIN",1,NA
"96","22.0","Sat 27/01/2024","Sat",2024-01-27,1899-12-31 18:30:00,"H","(3.)","Villarreal (15.)","4-3-3 Attacking",46229,"0.1284722222222222","23/24","3","5","35","LOSS",-1,NA
"97","23.0","Sat 03/02/2024","Sat",2024-02-03,1899-12-31 18:30:00,"A","(4.)","Alavés (11.)","4-3-3 Attacking",19480,"0.04375","23/24","1","3","13","WIN",1,NA
"98","24.0","Sun 11/02/2024","Sun",2024-02-11,1899-12-31 21:00:00,"H","(3.)","Granada CF (19.)","4-3-3 Attacking",41901,"0.12708333333333333","23/24","3","3","33","DRAW",0,NA
"99","25.0","Sat 17/02/2024","Sat",2024-02-17,1899-12-31 18:30:00,"A","(3.)","Celta de Vigo (17.)","4-3-3 Attacking",23096,"0.043055555555555555","23/24","1","2","12","WIN",1,NA
"100","26.0","Sat 24/02/2024","Sat",2024-02-24,1899-12-31 16:15:00,"H","(3.)","Getafe (10.)","4-3-3 Attacking",36803,"0.16666666666666666","23/24","4","0","40","WIN",1,NA
"101","27.0","Sun 03/03/2024","Sun",2024-03-03,1899-12-31 21:00:00,"A","(3.)","Athletic Club (5.)","4-3-3 Attacking",50295,"0.0","23/24","0","0","00","DRAW",0,NA
"102","28.0","Fri 08/03/2024","Fri",2024-03-08,1899-12-31 21:00:00,"H","(3.)","RCD Mallorca (15.)","4-3-3 Attacking",38225,"0.041666666666666664","23/24","1","0","10","WIN",1,NA
"103","29.0","Sun 17/03/2024","Sun",2024-03-17,1899-12-31 21:00:00,"A","(3.)","Atlético (4.)","4-3-3 Attacking",68253,"0.0020833333333333333","23/24","0","3","03","WIN",1,NA
"104","30.0","Sat 30/03/2024","Sat",2024-03-30,1899-12-31 21:00:00,"H","(2.)","UD Las Palmas (11.)","4-3-3 Attacking",46788,"0.041666666666666664","23/24","1","0","10","WIN",1,NA
"105","31.0","Sat 13/04/2024","Sat",2024-04-13,1899-12-31 21:00:00,"A","(2.)","Cádiz CF (18.)","4-3-3 Attacking",19607,"6.944444444444445E-4","23/24","0","1","01","WIN",1,NA
"106","32.0","Sun 21/04/2024","Sun",2024-04-21,1899-12-31 21:00:00,"A","(2.)","Real Madrid (1.)","4-3-3 Attacking",77981,"0.12638888888888888","23/24","3","2","32","LOSS",-1,NA
"107","33.0","Mon 29/04/2024","Mon",2024-04-29,1899-12-31 21:00:00,"H","(2.)","Valencia (8.)","4-3-3 Attacking",30167,"0.16805555555555557","23/24","4","2","42","WIN",1,NA
"108","34.0","Sat 04/05/2024","Sat",2024-05-04,1899-12-31 18:30:00,"A","(2.)","Girona (3.)","4-3-3 Attacking",14090,"0.16805555555555557","23/24","4","2","42","LOSS",-1,NA
"109","35.0","Mon 13/05/2024","Mon",2024-05-13,1899-12-31 21:00:00,"H","(3.)","Real Sociedad (6.)","4-3-3 Attacking",35829,"0.08333333333333333","23/24","2","0","20","WIN",1,NA
"110","36.0","Thu 16/05/2024","Thu",2024-05-16,1899-12-31 21:30:00,"A","(2.)","UD Almería (20.)","4-3-3 Attacking",15543,"0.001388888888888889","23/24","0","2","02","WIN",1,NA
"111","37.0","Sun 19/05/2024","Sun",2024-05-19,1899-12-31 19:00:00,"H","(2.)","Rayo Vallecano (15.)","4-3-3 Attacking",35823,"0.125","23/24","3","0","30","WIN",1,NA
"112","38.0","Sun 26/05/2024","Sun",2024-05-26,1899-12-31 21:00:00,"A","(2.)","Sevilla FC (13.)","4-3-3 Attacking",34888,"0.043055555555555555","23/24","1","2","12","WIN",1,NA
"113","Group H","Tue 19/09/2023","Tue",2023-09-19,1899-12-31 21:00:00,"H",NA,"Royal Antwerp","4-3-3 Attacking",40989,"0.20833333333333334","23/24","5","0","50","WIN",1,NA
"114","Group H","Wed 04/10/2023","Wed",2023-10-04,1899-12-31 21:00:00,"A",NA,"Porto","4-3-3 Attacking",49722,"6.944444444444445E-4","23/24","0","1","01","WIN",1,NA
"115","Group H","Wed 25/10/2023","Wed",2023-10-25,1899-12-31 18:45:00,"H",NA,"Shakhtar D.","4-3-3 Attacking",41409,"0.08402777777777778","23/24","2","1","21","WIN",1,NA
"116","Group H","Tue 07/11/2023","Tue",2023-11-07,1899-12-31 18:45:00,"A",NA,"Shakhtar D.","4-3-3 Attacking",49147,"0.041666666666666664","23/24","1","0","10","LOSS",-1,NA
"117","Group H","Tue 28/11/2023","Tue",2023-11-28,1899-12-31 21:00:00,"H",NA,"Porto","4-3-3 Attacking",43533,"0.08402777777777778","23/24","2","1","21","WIN",1,NA
"118","Group H","Wed 13/12/2023","Wed",2023-12-13,1899-12-31 21:00:00,"A",NA,"Royal Antwerp","4-3-3 Attacking",13550,"0.12638888888888888","23/24","3","2","32","LOSS",-1,NA
"119","last 16 1st leg","Wed 21/02/2024","Wed",2024-02-21,1899-12-31 21:00:00,"A",NA,"Napoli","4-3-3 Attacking",49529,"0.04236111111111111","23/24","1","1","11","DRAW",0,NA
"120","last 16 2nd leg","Tue 12/03/2024","Tue",2024-03-12,1899-12-31 21:00:00,"H",NA,"Napoli","4-3-3 Attacking",50301,"0.12569444444444444","23/24","3","1","31","WIN",1,NA
"121","Quarter-Finals 1st leg","Wed 10/04/2024","Wed",2024-04-10,1899-12-31 21:00:00,"A",NA,"PSG","4-3-3 Attacking",47470,"0.08541666666666667","23/24","2","3","23","WIN",1,NA
"122","Quarter-Finals 2nd leg","Tue 16/04/2024","Tue",2024-04-16,1899-12-31 21:00:00,"H",NA,"PSG","4-3-3 Attacking",50311,"0.044444444444444446","23/24","1","4","14","LOSS",-1,NA
"123","Third Round","Sun 07/01/2024","Sun",2024-01-07,1899-12-31 21:00:00,"A",NA,"UD Barbastro","4-3-3 Attacking",6000,"0.08541666666666667","23/24","2","3","23","WIN",1,NA
"124","Round of 16","Thu 18/01/2024","Thu",2024-01-18,1899-12-31 19:30:00,"A",NA,"Unionistas CF","4-3-3 Attacking",6246,"0.04375","23/24","1","3","13","WIN",1,NA
"125","Quarter-Finals","Wed 24/01/2024","Wed",2024-01-24,1899-12-31 21:30:00,"A",NA,"Athletic Club","4-3-3 Attacking",50403,"4:2 AET","23/24","4.0","2.0","42","LOSS",-1,NA
"126","1.0","Sat 13/08/2022","Sat",2022-08-13,1899-12-31 21:00:00,"H","(1.)","Rayo Vallecano (12.)","4-3-3 Attacking",81104,"0.0","22/23","0","0","00","DRAW",0,NA
"127","2.0","Sun 21/08/2022","Sun",2022-08-21,1899-12-31 22:00:00,"A","(10.)","Real Sociedad (6.)","4-3-3 Attacking",36201,"0.044444444444444446","22/23","1","4","14","WIN",1,NA
"128","3.0","Sun 28/08/2022","Sun",2022-08-28,1899-12-31 19:30:00,"H","(5.)","Real Valladolid (18.)","4-3-3 Attacking",83972,"0.16666666666666666","22/23","4","0","40","WIN",1,NA
"129","4.0","Sat 03/09/2022","Sat",2022-09-03,1899-12-31 21:00:00,"A","(3.)","Sevilla FC (15.)","4-3-3 Attacking",40233,"0.0020833333333333333","22/23","0","3","03","WIN",1,NA
"130","5.0","Sat 10/09/2022","Sat",2022-09-10,1899-12-31 18:30:00,"A","(2.)","Cádiz CF (20.)","4-3-3 Attacking",19530,"0.002777777777777778","22/23","0","4","04","WIN",1,NA
"131","6.0","Sat 17/09/2022","Sat",2022-09-17,1899-12-31 16:15:00,"H","(2.)","Elche CF (19.)","4-3-3 Attacking",85073,"0.125","22/23","3","0","30","WIN",1,NA
"132","7.0","Sat 01/10/2022","Sat",2022-10-01,1899-12-31 21:00:00,"A","(2.)","RCD Mallorca (10.)","4-3-3 Attacking",18103,"6.944444444444445E-4","22/23","0","1","01","WIN",1,NA
"133","8.0","Sun 09/10/2022","Sun",2022-10-09,1899-12-31 21:00:00,"H","(1.)","Celta de Vigo (11.)","4-3-3 Attacking",81525,"0.041666666666666664","22/23","1","0","10","WIN",1,NA
"134","9.0","Sun 16/10/2022","Sun",2022-10-16,1899-12-31 16:15:00,"A","(1.)","Real Madrid (2.)","4-3-3 Attacking",62876,"0.12569444444444444","22/23","3","1","31","LOSS",-1,NA
"135","10.0","Thu 20/10/2022","Thu",2022-10-20,1899-12-31 21:00:00,"H","(2.)","Villarreal (7.)","4-3-3 Attacking",73261,"0.125","22/23","3","0","30","WIN",1,NA
"136","11.0","Sun 23/10/2022","Sun",2022-10-23,1899-12-31 21:00:00,"H","(2.)","Athletic Club (6.)","4-3-3 Attacking",84817,"0.16666666666666666","22/23","4","0","40","WIN",1,NA
"137","12.0","Sat 29/10/2022","Sat",2022-10-29,1899-12-31 21:00:00,"A","(2.)","Valencia (9.)","4-3-3 Attacking",46007,"6.944444444444445E-4","22/23","0","1","01","WIN",1,NA
"138","13.0","Sat 05/11/2022","Sat",2022-11-05,1899-12-31 21:00:00,"H","(2.)","UD Almería (13.)","4-3-3 Attacking",92605,"0.08333333333333333","22/23","2","0","20","WIN",1,NA
"139","14.0","Tue 08/11/2022","Tue",2022-11-08,1899-12-31 21:30:00,"A","(1.)","CA Osasuna (5.)","4-3-3 Attacking",21603,"0.043055555555555555","22/23","1","2","12","WIN",1,NA
"140","15.0","Sat 31/12/2022","Sat",2022-12-31,1899-12-31 14:00:00,"H","(1.)","Espanyol (16.)","4-3-3 Attacking",88095,"0.04236111111111111","22/23","1","1","11","DRAW",0,NA
"141","16.0","Sun 08/01/2023","Sun",2023-01-08,1899-12-31 21:00:00,"A","(1.)","Atlético (4.)","4-3-3 Attacking",63493,"6.944444444444445E-4","22/23","0","1","01","WIN",1,NA
"142","17.0","Wed 01/02/2023","Wed",2023-02-01,1899-12-31 21:00:00,"A","(1.)","Real Betis (4.)","4-3-3 Attacking",48181,"0.043055555555555555","22/23","1","2","12","WIN",1,NA
"143","18.0","Sun 22/01/2023","Sun",2023-01-22,1899-12-31 18:30:00,"H","(1.)","Getafe (15.)","4-3-3 Attacking",79814,"0.041666666666666664","22/23","1","0","10","WIN",1,NA
"144","19.0","Sat 28/01/2023","Sat",2023-01-28,1899-12-31 16:15:00,"A","(1.)","Girona (11.)","4-3-3 Attacking",13402,"6.944444444444445E-4","22/23","0","1","01","WIN",1,NA
"145","20.0","Sun 05/02/2023","Sun",2023-02-05,1899-12-31 21:00:00,"H","(1.)","Sevilla FC (13.)","4-3-3 Attacking",77987,"0.125","22/23","3","0","30","WIN",1,NA
"146","21.0","Sun 12/02/2023","Sun",2023-02-12,1899-12-31 21:00:00,"A","(1.)","Villarreal (6.)","4-3-3 Attacking",21178,"6.944444444444445E-4","22/23","0","1","01","WIN",1,NA
"147","22.0","Sun 19/02/2023","Sun",2023-02-19,1899-12-31 21:00:00,"H","(1.)","Cádiz CF (16.)","4-3-3 Attacking",72010,"0.08333333333333333","22/23","2","0","20","WIN",1,NA
"148","23.0","Sun 26/02/2023","Sun",2023-02-26,1899-12-31 18:30:00,"A","(1.)","UD Almería (17.)","4-3-3 Attacking",15279,"0.041666666666666664","22/23","1","0","10","LOSS",-1,NA
"149","24.0","Sun 05/03/2023","Sun",2023-03-05,1899-12-31 16:15:00,"H","(1.)","Valencia (18.)","4-3-3 Attacking",89644,"0.041666666666666664","22/23","1","0","10","WIN",1,NA
"150","25.0","Sun 12/03/2023","Sun",2023-03-12,1899-12-31 21:00:00,"A","(1.)","Athletic Club (9.)","4-3-3 Attacking",49741,"6.944444444444445E-4","22/23","0","1","01","WIN",1,NA
"151","26.0","Sun 19/03/2023","Sun",2023-03-19,1899-12-31 21:00:00,"H","(1.)","Real Madrid (2.)","4-3-3 Attacking",95745,"0.08402777777777778","22/23","2","1","21","WIN",1,NA
"152","27.0","Sat 01/04/2023","Sat",2023-04-01,1899-12-31 21:00:00,"A","(1.)","Elche CF (20.)","4-3-3 Attacking",28142,"0.002777777777777778","22/23","0","4","04","WIN",1,NA
"153","28.0","Mon 10/04/2023","Mon",2023-04-10,1899-12-31 21:00:00,"H","(1.)","Girona (11.)","4-3-3 Attacking",78425,"0.0","22/23","0","0","00","DRAW",0,NA
"154","29.0","Sun 16/04/2023","Sun",2023-04-16,1899-12-31 16:15:00,"A","(1.)","Getafe (15.)","4-3-3 Attacking",14854,"0.0","22/23","0","0","00","DRAW",0,NA
"155","30.0","Sun 23/04/2023","Sun",2023-04-23,1899-12-31 16:15:00,"H","(1.)","Atlético (3.)","4-3-3 Attacking",80965,"0.041666666666666664","22/23","1","0","10","WIN",1,NA
"156","31.0","Wed 26/04/2023","Wed",2023-04-26,1899-12-31 22:00:00,"A","(1.)","Rayo Vallecano (9.)","4-3-3 Attacking",13657,"0.08402777777777778","22/23","2","1","21","LOSS",-1,NA
"157","32.0","Sat 29/04/2023","Sat",2023-04-29,1899-12-31 21:00:00,"H","(1.)","Real Betis (6.)","4-3-3 Attacking",88530,"0.16666666666666666","22/23","4","0","40","WIN",1,NA
"158","33.0","Tue 02/05/2023","Tue",2023-05-02,1899-12-31 19:30:00,"H","(1.)","CA Osasuna (9.)","4-2-3-1",76061,"0.041666666666666664","22/23","1","0","10","WIN",1,NA
"159","34.0","Sun 14/05/2023","Sun",2023-05-14,1899-12-31 21:00:00,"A","(1.)","Espanyol (19.)","4-3-3 Attacking",27360,"0.08611111111111111","22/23","2","4","24","WIN",1,NA
"160","35.0","Sat 20/05/2023","Sat",2023-05-20,1899-12-31 21:00:00,"H","(1.)","Real Sociedad (4.)","4-3-3 Attacking",88049,"0.043055555555555555","22/23","1","2","12","LOSS",-1,NA
"161","36.0","Tue 23/05/2023","Tue",2023-05-23,1899-12-31 22:00:00,"A","(1.)","Real Valladolid (18.)","4-3-3 Attacking",22341,"0.12569444444444444","22/23","3","1","31","LOSS",-1,NA
"162","37.0","Sun 28/05/2023","Sun",2023-05-28,1899-12-31 19:00:00,"H","(1.)","RCD Mallorca (11.)","4-3-3 Attacking",88775,"0.125","22/23","3","0","30","WIN",1,NA
"163","38.0","Sun 04/06/2023","Sun",2023-06-04,1899-12-31 21:00:00,"A","(1.)","Celta de Vigo (16.)","4-3-3 Attacking",23365,"0.08402777777777778","22/23","2","1","21","LOSS",-1,NA
"164","Group C","Wed 07/09/2022","Wed",2022-09-07,1899-12-31 21:00:00,"H",NA,"Viktoria Plzeň","4-3-3 Attacking",77411,"0.20902777777777778","22/23","5","1","51","WIN",1,NA
"165","Group C","Tue 13/09/2022","Tue",2022-09-13,1899-12-31 21:00:00,"A",NA,"Bayern Munich","4-3-3 Attacking",75000,"0.08333333333333333","22/23","2","0","20","LOSS",-1,NA
"166","Group C","Tue 04/10/2022","Tue",2022-10-04,1899-12-31 21:00:00,"A",NA,"Inter","4-3-3 Attacking",71368,"0.041666666666666664","22/23","1","0","10","LOSS",-1,NA
"167","Group C","Wed 12/10/2022","Wed",2022-10-12,1899-12-31 21:00:00,"H",NA,"Inter","4-3-3 Attacking",92302,"0.12708333333333333","22/23","3","3","33","DRAW",0,NA
"168","Group C","Wed 26/10/2022","Wed",2022-10-26,1899-12-31 21:00:00,"H",NA,"Bayern Munich","4-3-3 Attacking",84016,"0.0020833333333333333","22/23","0","3","03","LOSS",-1,NA
"169","Group C","Tue 01/11/2022","Tue",2022-11-01,1899-12-31 21:00:00,"A",NA,"Viktoria Plzeň","4-3-3 Attacking",11258,"0.08611111111111111","22/23","2","4","24","WIN",1,NA
"170","intermediate stage 1st leg","Thu 16/02/2023","Thu",2023-02-16,1899-12-31 18:45:00,"H",NA,"Man Utd","4-3-3 Attacking",90225,"0.08472222222222223","22/23","2","2","22","DRAW",0,NA
"171","intermediate stage 2nd leg","Thu 23/02/2023","Thu",2023-02-23,1899-12-31 21:00:00,"A",NA,"Man Utd","4-3-3 Attacking",73021,"0.08402777777777778","22/23","2","1","21","LOSS",-1,NA
"172","Third Round","Wed 04/01/2023","Wed",2023-01-04,1899-12-31 21:00:00,"A",NA,"CF Intercity","4-3-3 Attacking",28000,"3:4 AET","22/23","3.0","4.0","34","WIN",1,NA
"173","Round of 16","Thu 19/01/2023","Thu",2023-01-19,1899-12-31 20:00:00,"A",NA,"AD Ceuta","4-3-3 Attacking",6500,"0.003472222222222222","22/23","0","5","05","WIN",1,NA
"174","Quarter-Finals","Wed 25/01/2023","Wed",2023-01-25,1899-12-31 21:00:00,"H",NA,"Real Sociedad","4-3-3 Attacking",59610,"0.041666666666666664","22/23","1","0","10","WIN",1,NA
"175","Semi-Finals 1st Leg","Thu 02/03/2023","Thu",2023-03-02,1899-12-31 21:00:00,"A",NA,"Real Madrid","4-3-3 Attacking",63000,"6.944444444444445E-4","22/23","0","1","01","WIN",1,NA
"176","Semi-Finals 2nd Leg","Wed 05/04/2023","Wed",2023-04-05,1899-12-31 22:00:00,"H",NA,"Real Madrid","4-3-3 Attacking",94902,"0.002777777777777778","22/23","0","4","04","LOSS",-1,NA
"177","1.0","Sun 15/08/2021","Sun",2021-08-15,1899-12-31 20:00:00,"H","(2.)","Real Sociedad (6.)","4-3-3 Attacking",20384,"0.16805555555555557","21/22","4","2","42","WIN",1,NA
"178","2.0","Sat 21/08/2021","Sat",2021-08-21,1899-12-31 22:00:00,"A","(3.)","Athletic Club (11.)","4-3-3 Attacking",9394,"0.04236111111111111","21/22","1","1","11","DRAW",0,NA
"179","3.0","Sun 29/08/2021","Sun",2021-08-29,1899-12-31 17:00:00,"H","(4.)","Getafe (18.)","4-3-3 Attacking",26543,"0.08402777777777778","21/22","2","1","21","WIN",1,NA
"180","4.0","Tue 21/12/2021","Tue",2021-12-21,1899-12-31 21:30:00,"A","(4.)","Sevilla FC (2.)","4-3-3 Attacking",31358,"0.04236111111111111","21/22","1","1","11","DRAW",0,NA
"181","5.0","Mon 20/09/2021","Mon",2021-09-20,1899-12-31 21:00:00,"H","(5.)","Granada CF (17.)","4-3-3 Attacking",27097,"0.04236111111111111","21/22","1","1","11","DRAW",0,NA
"182","6.0","Thu 23/09/2021","Thu",2021-09-23,1899-12-31 22:00:00,"A","(5.)","Cádiz CF (14.)","4-3-3 Attacking",12180,"0.0","21/22","0","0","00","DRAW",0,NA
"183","7.0","Sun 26/09/2021","Sun",2021-09-26,1899-12-31 16:15:00,"H","(8.)","Levante (17.)","4-2-3-1",35334,"0.125","21/22","3","0","30","WIN",1,NA
"184","8.0","Sat 02/10/2021","Sat",2021-10-02,1899-12-31 21:00:00,"A","(6.)","Atlético (4.)","4-2-3-1",60594,"0.08333333333333333","21/22","2","0","20","LOSS",-1,NA
"185","9.0","Sun 17/10/2021","Sun",2021-10-17,1899-12-31 21:00:00,"H","(8.)","Valencia (10.)","4-1-4-1",47317,"0.12569444444444444","21/22","3","1","31","WIN",1,NA
"186","10.0","Sun 24/10/2021","Sun",2021-10-24,1899-12-31 16:15:00,"H","(6.)","Real Madrid (1.)","4-3-3 Attacking",86422,"0.043055555555555555","21/22","1","2","12","LOSS",-1,NA
"187","11.0","Wed 27/10/2021","Wed",2021-10-27,1899-12-31 19:00:00,"A","(8.)","Rayo Vallecano (7.)","4-3-3 Attacking",9340,"0.041666666666666664","21/22","1","0","10","LOSS",-1,NA
"188","12.0","Sat 30/10/2021","Sat",2021-10-30,1899-12-31 21:00:00,"H","(9.)","Alavés (17.)","4-3-3 Attacking",37278,"0.04236111111111111","21/22","1","1","11","DRAW",0,NA
"189","13.0","Sat 06/11/2021","Sat",2021-11-06,1899-12-31 16:15:00,"A","(9.)","Celta de Vigo (15.)","4-3-3 Attacking",13146,"0.12708333333333333","21/22","3","3","33","DRAW",0,NA
"190","14.0","Sat 20/11/2021","Sat",2021-11-20,1899-12-31 21:00:00,"H","(9.)","Espanyol (12.)","4-3-3 Attacking",74418,"0.041666666666666664","21/22","1","0","10","WIN",1,NA
"191","15.0","Sat 27/11/2021","Sat",2021-11-27,1899-12-31 21:00:00,"A","(7.)","Villarreal (10.)","4-3-3 Attacking",19050,"0.04375","21/22","1","3","13","WIN",1,NA
"192","16.0","Sat 04/12/2021","Sat",2021-12-04,1899-12-31 16:15:00,"H","(7.)","Real Betis (5.)","4-3-3 Attacking",66529,"6.944444444444445E-4","21/22","0","1","01","LOSS",-1,NA
"193","17.0","Sun 12/12/2021","Sun",2021-12-12,1899-12-31 16:15:00,"A","(7.)","CA Osasuna (10.)","37714.0",21427,"0.08472222222222223","21/22","2","2","22","DRAW",0,NA
"194","18.0","Sat 18/12/2021","Sat",2021-12-18,1899-12-31 18:30:00,"H","(7.)","Elche CF (17.)","4-3-3 Attacking",41664,"0.12638888888888888","21/22","3","2","32","WIN",1,NA
"195","19.0","Sun 02/01/2022","Sun",2022-01-02,1899-12-31 21:00:00,"A","(7.)","RCD Mallorca (15.)","4-3-3 Attacking",14654,"6.944444444444445E-4","21/22","0","1","01","WIN",1,NA
"196","20.0","Sat 08/01/2022","Sat",2022-01-08,1899-12-31 18:30:00,"A","(5.)","Granada CF (13.)","4-3-3 Attacking",14442,"0.04236111111111111","21/22","1","1","11","DRAW",0,NA
"197","21.0","Sun 24/04/2022","Sun",2022-04-24,1899-12-31 21:00:00,"H","(6.)","Rayo Vallecano (7.)","4-3-3 Attacking",57023,"6.944444444444445E-4","21/22","0","1","01","LOSS",-1,NA
"198","22.0","Sun 23/01/2022","Sun",2022-01-23,1899-12-31 21:00:00,"A","(7.)","Alavés (18.)","4-3-3 Attacking",14056,"6.944444444444445E-4","21/22","0","1","01","WIN",1,NA
"199","23.0","Sun 06/02/2022","Sun",2022-02-06,1899-12-31 16:15:00,"H","(6.)","Atlético (5.)","4-3-3 Attacking",74221,"0.16805555555555557","21/22","4","2","42","WIN",1,NA
"200","24.0","Sun 13/02/2022","Sun",2022-02-13,1899-12-31 21:00:00,"A","(4.)","Espanyol (13.)","4-3-3 Attacking",25049,"0.08472222222222223","21/22","2","2","22","DRAW",0,NA
"201","25.0","Sun 20/02/2022","Sun",2022-02-20,1899-12-31 16:15:00,"A","(5.)","Valencia (12.)","4-3-3 Attacking",38315,"0.044444444444444446","21/22","1","4","14","WIN",1,NA
"202","26.0","Sun 27/02/2022","Sun",2022-02-27,1899-12-31 21:00:00,"H","(4.)","Athletic Club (8.)","4-3-3 Attacking",69770,"0.16666666666666666","21/22","4","0","40","WIN",1,NA
"203","27.0","Sun 06/03/2022","Sun",2022-03-06,1899-12-31 16:15:00,"A","(4.)","Elche CF (13.)","4-3-3 Attacking",30146,"0.043055555555555555","21/22","1","2","12","WIN",1,NA
"204","28.0","Sun 13/03/2022","Sun",2022-03-13,1899-12-31 21:00:00,"H","(3.)","CA Osasuna (11.)","4-3-3 Attacking",54507,"0.16666666666666666","21/22","4","0","40","WIN",1,NA
"205","29.0","Sun 20/03/2022","Sun",2022-03-20,1899-12-31 21:00:00,"A","(3.)","Real Madrid (1.)","4-3-3 Attacking",60017,"0.002777777777777778","21/22","0","4","04","WIN",1,NA
"206","30.0","Sun 03/04/2022","Sun",2022-04-03,1899-12-31 21:00:00,"H","(3.)","Sevilla FC (2.)","4-3-3 Attacking",76112,"0.041666666666666664","21/22","1","0","10","WIN",1,NA
"207","31.0","Sun 10/04/2022","Sun",2022-04-10,1899-12-31 21:00:00,"A","(2.)","Levante (20.)","4-3-3 Attacking",20785,"0.08541666666666667","21/22","2","3","23","WIN",1,NA
"208","32.0","Mon 18/04/2022","Mon",2022-04-18,1899-12-31 21:00:00,"H","(2.)","Cádiz CF (18.)","4-3-3 Attacking",57495,"6.944444444444445E-4","21/22","0","1","01","LOSS",-1,NA
"209","33.0","Thu 21/04/2022","Thu",2022-04-21,1899-12-31 21:30:00,"A","(2.)","Real Sociedad (6.)","4-3-3 Attacking",35128,"6.944444444444445E-4","21/22","0","1","01","WIN",1,NA
"210","34.0","Sun 01/05/2022","Sun",2022-05-01,1899-12-31 21:00:00,"H","(2.)","RCD Mallorca (16.)","4-3-3 Attacking",62789,"0.08402777777777778","21/22","2","1","21","WIN",1,NA
"211","35.0","Sat 07/05/2022","Sat",2022-05-07,1899-12-31 21:00:00,"A","(2.)","Real Betis (5.)","4-3-3 Attacking",46132,"0.043055555555555555","21/22","1","2","12","WIN",1,NA
"212","36.0","Tue 10/05/2022","Tue",2022-05-10,1899-12-31 21:30:00,"H","(2.)","Celta de Vigo (11.)","4-2-3-1",55899,"0.12569444444444444","21/22","3","1","31","WIN",1,NA
"213","37.0","Sun 15/05/2022","Sun",2022-05-15,1899-12-31 19:30:00,"A","(2.)","Getafe (15.)","4-3-3 Attacking",13072,"0.0","21/22","0","0","00","DRAW",0,NA
"214","38.0","Sun 22/05/2022","Sun",2022-05-22,1899-12-31 22:00:00,"H","(2.)","Villarreal (7.)","4-3-3 Attacking",54850,"0.001388888888888889","21/22","0","2","02","LOSS",-1,NA
"215","Group E","Tue 14/09/2021","Tue",2021-09-14,1899-12-31 21:00:00,"H",NA,"Bayern Munich","3-5-2 flat",39737,"0.0020833333333333333","21/22","0","3","03","LOSS",-1,NA
"216","Group E","Wed 29/09/2021","Wed",2021-09-29,1899-12-31 21:00:00,"A",NA,"Benfica","37379.0",29454,"0.125","21/22","3","0","30","LOSS",-1,NA
"217","Group E","Wed 20/10/2021","Wed",2021-10-20,1899-12-31 18:45:00,"H",NA,"Dynamo Kyiv","4-3-3 Attacking",45968,"0.041666666666666664","21/22","1","0","10","WIN",1,NA
"218","Group E","Tue 02/11/2021","Tue",2021-11-02,1899-12-31 21:00:00,"A",NA,"Dynamo Kyiv","4-3-3 Attacking",31378,"6.944444444444445E-4","21/22","0","1","01","WIN",1,NA
"219","Group E","Tue 23/11/2021","Tue",2021-11-23,1899-12-31 21:00:00,"H",NA,"Benfica","3-4-2-1",49572,"0.0","21/22","0","0","00","DRAW",0,NA
"220","Group E","Wed 08/12/2021","Wed",2021-12-08,1899-12-31 21:00:00,"A",NA,"Bayern Munich","4-3-3 Attacking",0,"0.125","21/22","3","0","30","LOSS",-1,NA
"221","intermediate stage 1st leg","Thu 17/02/2022","Thu",2022-02-17,1899-12-31 18:45:00,"H",NA,"Napoli","4-3-3 Attacking",73525,"0.04236111111111111","21/22","1","1","11","DRAW",0,NA
"222","intermediate stage 2nd leg","Thu 24/02/2022","Thu",2022-02-24,1899-12-31 21:00:00,"A",NA,"Napoli","4-3-3 Attacking",37858,"0.08611111111111111","21/22","2","4","24","WIN",1,NA
"223","last 16 1st leg","Thu 10/03/2022","Thu",2022-03-10,1899-12-31 21:00:00,"H",NA,"Galatasaray","4-3-3 Attacking",61740,"0.0","21/22","0","0","00","DRAW",0,NA
"224","last 16 2nd leg","Thu 17/03/2022","Thu",2022-03-17,1899-12-31 18:45:00,"A",NA,"Galatasaray","4-3-3 Attacking",50110,"0.043055555555555555","21/22","1","2","12","WIN",1,NA
"225","Quarter-Finals 1st leg","Thu 07/04/2022","Thu",2022-04-07,1899-12-31 21:00:00,"A",NA,"Frankfurt","4-3-3 Attacking",48000,"0.04236111111111111","21/22","1","1","11","DRAW",0,NA
"226","Quarter-Finals 2nd leg","Thu 14/04/2022","Thu",2022-04-14,1899-12-31 21:00:00,"H",NA,"Frankfurt","4-3-3 Attacking",79468,"0.08541666666666667","21/22","2","3","23","LOSS",-1,NA
"227","Third Round","Wed 05/01/2022","Wed",2022-01-05,1899-12-31 19:30:00,"A",NA,"Linares","3-5-2 flat",10000,"0.043055555555555555","21/22","1","2","12","WIN",1,NA
"228","Round of 16","Thu 20/01/2022","Thu",2022-01-20,1899-12-31 21:30:00,"A",NA,"Athletic Club","4-3-3 Attacking",37287,"3:2 AET","21/22","3.0","2.0","32","LOSS",-1,NA
"229","1.0","Fri 16/08/2019","Fri",2019-08-16,1899-12-31 21:00:00,"A","(2.)","Athletic Club (11.)","4-3-3 Attacking",47693,"0.041666666666666664","19/20","1","0","10","LOSS",-1,NA
"230","2.0","Sun 25/08/2019","Sun",2019-08-25,1899-12-31 21:00:00,"H","(15.)","Real Betis (14.)","4-3-3 Attacking",79159,"0.20972222222222223","19/20","5","2","52","WIN",1,NA
"231","3.0","Sat 31/08/2019","Sat",2019-08-31,1899-12-31 17:00:00,"A","(9.)","CA Osasuna (8.)","4-3-3 Attacking",16742,"0.08472222222222223","19/20","2","2","22","DRAW",0,NA
"232","4.0","Sat 14/09/2019","Sat",2019-09-14,1899-12-31 21:00:00,"H","(11.)","Valencia (9.)","4-3-3 Attacking",81617,"0.20972222222222223","19/20","5","2","52","WIN",1,NA
"233","5.0","Sat 21/09/2019","Sat",2019-09-21,1899-12-31 21:00:00,"A","(5.)","Granada CF (6.)","4-3-3 Attacking",18880,"0.08333333333333333","19/20","2","0","20","LOSS",-1,NA
"234","6.0","Tue 24/09/2019","Tue",2019-09-24,1899-12-31 21:00:00,"H","(8.)","Villarreal (7.)","4-3-3 Attacking",70316,"0.08402777777777778","19/20","2","1","21","WIN",1,NA
"235","7.0","Sat 28/09/2019","Sat",2019-09-28,1899-12-31 16:00:00,"A","(6.)","Getafe (10.)","4-3-3 Attacking",15135,"0.001388888888888889","19/20","0","2","02","WIN",1,NA
"236","8.0","Sun 06/10/2019","Sun",2019-10-06,1899-12-31 21:00:00,"H","(5.)","Sevilla FC (4.)","4-3-3 Attacking",81331,"0.16666666666666666","19/20","4","0","40","WIN",1,NA
"237","9.0","Sat 19/10/2019","Sat",2019-10-19,1899-12-31 13:00:00,"A","(2.)","SD Eibar (14.)","4-3-3 Attacking",7295,"0.0020833333333333333","19/20","0","3","03","WIN",1,NA
"238","10.0","Wed 18/12/2019","Wed",2019-12-18,1899-12-31 20:00:00,"H","(1.)","Real Madrid (2.)","4-3-3 Attacking",93426,"0.0","19/20","0","0","00","DRAW",0,NA
"239","11.0","Tue 29/10/2019","Tue",2019-10-29,1899-12-31 21:15:00,"H","(2.)","Real Valladolid (8.)","4-3-3 Attacking",59896,"0.20902777777777778","19/20","5","1","51","WIN",1,NA
"240","12.0","Sat 02/11/2019","Sat",2019-11-02,1899-12-31 16:00:00,"A","(1.)","Levante (11.)","4-3-3 Attacking",23341,"0.12569444444444444","19/20","3","1","31","LOSS",-1,NA
"241","13.0","Sat 09/11/2019","Sat",2019-11-09,1899-12-31 21:00:00,"H","(1.)","Celta de Vigo (18.)","4-3-3 Attacking",71209,"0.1673611111111111","19/20","4","1","41","WIN",1,NA
"242","14.0","Sat 23/11/2019","Sat",2019-11-23,1899-12-31 13:00:00,"A","(1.)","CD Leganés (20.)","4-2-3-1",12110,"0.043055555555555555","19/20","1","2","12","WIN",1,NA
"243","15.0","Sun 01/12/2019","Sun",2019-12-01,1899-12-31 21:00:00,"A","(1.)","Atlético (4.)","4-3-3 Attacking",64226,"6.944444444444445E-4","19/20","0","1","01","WIN",1,NA
"244","16.0","Sat 07/12/2019","Sat",2019-12-07,1899-12-31 21:00:00,"H","(1.)","RCD Mallorca (17.)","4-3-3 Attacking",71072,"0.20972222222222223","19/20","5","2","52","WIN",1,NA
"245","17.0","Sat 14/12/2019","Sat",2019-12-14,1899-12-31 16:00:00,"A","(1.)","Real Sociedad (5.)","4-3-3 Attacking",36639,"0.08472222222222223","19/20","2","2","22","DRAW",0,NA
"246","18.0","Sat 21/12/2019","Sat",2019-12-21,1899-12-31 16:00:00,"H","(1.)","Alavés (14.)","4-3-3 Attacking",63054,"0.1673611111111111","19/20","4","1","41","WIN",1,NA
"247","19.0","Sat 04/01/2020","Sat",2020-01-04,1899-12-31 21:00:00,"A","(1.)","Espanyol (20.)","4-3-3 Attacking",33562,"0.08472222222222223","19/20","2","2","22","DRAW",0,NA
"248","20.0","Sun 19/01/2020","Sun",2020-01-19,1899-12-31 21:00:00,"H","(1.)","Granada CF (10.)","4-3-3 Attacking",65444,"0.041666666666666664","19/20","1","0","10","WIN",1,NA
"249","21.0","Sat 25/01/2020","Sat",2020-01-25,1899-12-31 16:00:00,"A","(1.)","Valencia (7.)","3-5-2 flat",45882,"0.08333333333333333","19/20","2","0","20","LOSS",-1,NA
"250","22.0","Sun 02/02/2020","Sun",2020-02-02,1899-12-31 21:00:00,"H","(2.)","Levante (13.)","4-3-3 Attacking",60295,"0.08402777777777778","19/20","2","1","21","WIN",1,NA
"251","23.0","Sun 09/02/2020","Sun",2020-02-09,1899-12-31 21:00:00,"A","(2.)","Real Betis (12.)","4-3-1-2",54526,"0.08541666666666667","19/20","2","3","23","WIN",1,NA
"252","24.0","Sat 15/02/2020","Sat",2020-02-15,1899-12-31 16:00:00,"H","(2.)","Getafe (3.)","4-3-3 Attacking",89409,"0.08402777777777778","19/20","2","1","21","WIN",1,NA
"253","25.0","Sat 22/02/2020","Sat",2020-02-22,1899-12-31 16:00:00,"H","(2.)","SD Eibar (16.)","4-3-1-2",66970,"0.20833333333333334","19/20","5","0","50","WIN",1,NA
"254","26.0","Sun 01/03/2020","Sun",2020-03-01,1899-12-31 21:00:00,"A","(1.)","Real Madrid (2.)","4-4-2 double 6",78237,"0.08333333333333333","19/20","2","0","20","LOSS",-1,NA
"255","27.0","Sat 07/03/2020","Sat",2020-03-07,1899-12-31 18:30:00,"H","(2.)","Real Sociedad (4.)","4-3-3 Attacking",77035,"0.041666666666666664","19/20","1","0","10","WIN",1,NA
"256","Group F","Tue 17/09/2019","Tue",2019-09-17,1899-12-31 21:00:00,"A",NA,"Dortmund","4-3-3 Attacking",66099,"0.0","19/20","0","0","00","DRAW",0,NA
"257","Group F","Wed 02/10/2019","Wed",2019-10-02,1899-12-31 21:00:00,"H",NA,"Inter","4-3-3 Attacking",86141,"0.08402777777777778","19/20","2","1","21","WIN",1,NA
"258","Group F","Wed 23/10/2019","Wed",2019-10-23,1899-12-31 21:00:00,"A",NA,"Slavia Praha","4-3-3 Attacking",19170,"0.043055555555555555","19/20","1","2","12","WIN",1,NA
"259","Group F","Tue 05/11/2019","Tue",2019-11-05,1899-12-31 18:55:00,"H",NA,"Slavia Praha","4-3-3 Attacking",67023,"0.0","19/20","0","0","00","DRAW",0,NA
"260","Group F","Wed 27/11/2019","Wed",2019-11-27,1899-12-31 21:00:00,"H",NA,"Dortmund","4-3-3 Attacking",90071,"0.12569444444444444","19/20","3","1","31","WIN",1,NA
"261","Group F","Tue 10/12/2019","Tue",2019-12-10,1899-12-31 21:00:00,"A",NA,"Inter","3-5-2 flat",71818,"0.043055555555555555","19/20","1","2","12","WIN",1,NA
"262","last 16 1st leg","Tue 25/02/2020","Tue",2020-02-25,1899-12-31 21:00:00,"A",NA,"Napoli","4-3-3 Attacking",44388,"0.04236111111111111","19/20","1","1","11","DRAW",0,NA
"263","Third Round","Wed 22/01/2020","Wed",2020-01-22,1899-12-31 19:00:00,"A",NA,"UD Ibiza","3-5-2 flat",6445,"0.043055555555555555","19/20","1","2","12","WIN",1,NA
"264","Round of 16","Thu 30/01/2020","Thu",2020-01-30,1899-12-31 19:00:00,"H",NA,"CD Leganés","4-3-3 Attacking",43216,"0.20833333333333334","19/20","5","0","50","WIN",1,NA
"265","Quarter-Finals","Thu 06/02/2020","Thu",2020-02-06,1899-12-31 21:00:00,"A",NA,"Athletic Club","4-3-3 Attacking",49154,"0.041666666666666664","19/20","1","0","10","LOSS",-1,NA
"266","1.0","Sat 18/08/2018","Sat",2018-08-18,1899-12-31 22:15:00,"H","(1.)","Alavés (11.)","4-3-3 Attacking",52356,"0.125","18/19","3","0","30","WIN",1,NA
"267","2.0","Sat 25/08/2018","Sat",2018-08-25,1899-12-31 22:15:00,"A","(2.)","Real Valladolid (13.)","4-3-3 Attacking",22651,"6.944444444444445E-4","18/19","0","1","01","WIN",1,NA
"268","3.0","Sun 02/09/2018","Sun",2018-09-02,1899-12-31 18:30:00,"H","(2.)","SD Huesca (5.)","4-3-3 Attacking",71892,"0.3347222222222222","18/19","8","2","82","WIN",1,NA
"269","4.0","Sat 15/09/2018","Sat",2018-09-15,1899-12-31 16:15:00,"A","(1.)","Real Sociedad (10.)","4-3-3 Attacking",26756,"0.043055555555555555","18/19","1","2","12","WIN",1,NA
"270","5.0","Sun 23/09/2018","Sun",2018-09-23,1899-12-31 20:45:00,"H","(1.)","Girona (3.)","4-3-3 Attacking",76055,"0.08472222222222223","18/19","2","2","22","DRAW",0,NA
"271","6.0","Wed 26/09/2018","Wed",2018-09-26,1899-12-31 20:00:00,"A","(1.)","CD Leganés (20.)","4-3-3 Attacking",12231,"0.08402777777777778","18/19","2","1","21","LOSS",-1,NA
"272","7.0","Sat 29/09/2018","Sat",2018-09-29,1899-12-31 16:15:00,"H","(1.)","Athletic Club (13.)","4-3-3 Attacking",78015,"0.04236111111111111","18/19","1","1","11","DRAW",0,NA
"273","8.0","Sun 07/10/2018","Sun",2018-10-07,1899-12-31 20:45:00,"A","(1.)","Valencia (13.)","4-3-3 Attacking",46249,"0.04236111111111111","18/19","1","1","11","DRAW",0,NA
"274","9.0","Sat 20/10/2018","Sat",2018-10-20,1899-12-31 20:45:00,"H","(2.)","Sevilla FC (1.)","4-3-3 Attacking",88712,"0.16805555555555557","18/19","4","2","42","WIN",1,NA
"275","10.0","Sun 28/10/2018","Sun",2018-10-28,1899-12-31 16:15:00,"H","(1.)","Real Madrid (7.)","4-3-3 Attacking",93265,"0.20902777777777778","18/19","5","1","51","WIN",1,NA
"276","11.0","Sat 03/11/2018","Sat",2018-11-03,1899-12-31 20:45:00,"A","(1.)","Rayo Vallecano (19.)","4-3-3 Attacking",13785,"0.08541666666666667","18/19","2","3","23","WIN",1,NA
"277","12.0","Sun 11/11/2018","Sun",2018-11-11,1899-12-31 16:15:00,"H","(1.)","Real Betis (14.)","4-4-2 double 6",83174,"0.12777777777777777","18/19","3","4","34","LOSS",-1,NA
"278","13.0","Sat 24/11/2018","Sat",2018-11-24,1899-12-31 20:45:00,"A","(1.)","Atlético (3.)","4-4-2 double 6",67204,"0.04236111111111111","18/19","1","1","11","DRAW",0,NA
"279","14.0","Sun 02/12/2018","Sun",2018-12-02,1899-12-31 18:30:00,"H","(2.)","Villarreal (16.)","4-3-3 Attacking",73003,"0.08333333333333333","18/19","2","0","20","WIN",1,NA
"280","15.0","Sat 08/12/2018","Sat",2018-12-08,1899-12-31 20:45:00,"A","(1.)","Espanyol (7.)","4-3-3 Attacking",24037,"0.002777777777777778","18/19","0","4","04","WIN",1,NA
"281","16.0","Sun 16/12/2018","Sun",2018-12-16,1899-12-31 20:45:00,"A","(1.)","Levante (6.)","3-5-2 flat",23736,"0.003472222222222222","18/19","0","5","05","WIN",1,NA
"282","17.0","Sat 22/12/2018","Sat",2018-12-22,1899-12-31 18:30:00,"H","(1.)","Celta de Vigo (10.)","4-3-3 Attacking",78686,"0.08333333333333333","18/19","2","0","20","WIN",1,NA
"283","18.0","Sun 06/01/2019","Sun",2019-01-06,1899-12-31 20:45:00,"A","(1.)","Getafe (7.)","4-3-3 Attacking",14721,"0.043055555555555555","18/19","1","2","12","WIN",1,NA
"284","19.0","Sun 13/01/2019","Sun",2019-01-13,1899-12-31 18:30:00,"H","(1.)","SD Eibar (12.)","4-3-3 Attacking",71039,"0.125","18/19","3","0","30","WIN",1,NA
"285","20.0","Sun 20/01/2019","Sun",2019-01-20,1899-12-31 20:45:00,"H","(1.)","CD Leganés (15.)","4-3-3 Attacking",50670,"0.12569444444444444","18/19","3","1","31","WIN",1,NA
"286","21.0","Sun 27/01/2019","Sun",2019-01-27,1899-12-31 16:15:00,"A","(1.)","Girona (12.)","4-3-3 Attacking",14021,"0.001388888888888889","18/19","0","2","02","WIN",1,NA
"287","22.0","Sat 02/02/2019","Sat",2019-02-02,1899-12-31 18:30:00,"H","(1.)","Valencia (7.)","4-3-3 Attacking",76789,"0.08472222222222223","18/19","2","2","22","DRAW",0,NA
"288","23.0","Sun 10/02/2019","Sun",2019-02-10,1899-12-31 20:45:00,"A","(1.)","Athletic Club (12.)","4-3-3 Attacking",47557,"0.0","18/19","0","0","00","DRAW",0,NA
"289","24.0","Sat 16/02/2019","Sat",2019-02-16,1899-12-31 20:45:00,"H","(1.)","Real Valladolid (15.)","4-3-3 Attacking",67435,"0.041666666666666664","18/19","1","0","10","WIN",1,NA
"290","25.0","Sat 23/02/2019","Sat",2019-02-23,1899-12-31 16:15:00,"A","(1.)","Sevilla FC (4.)","4-3-3 Attacking",40661,"0.08611111111111111","18/19","2","4","24","WIN",1,NA
"291","26.0","Sat 02/03/2019","Sat",2019-03-02,1899-12-31 20:45:00,"A","(1.)","Real Madrid (3.)","4-3-3 Attacking",78921,"6.944444444444445E-4","18/19","0","1","01","WIN",1,NA
"292","27.0","Sat 09/03/2019","Sat",2019-03-09,1899-12-31 18:30:00,"H","(1.)","Rayo Vallecano (19.)","4-3-3 Attacking",74158,"0.12569444444444444","18/19","3","1","31","WIN",1,NA
"293","28.0","Sun 17/03/2019","Sun",2019-03-17,1899-12-31 20:45:00,"A","(1.)","Real Betis (8.)","4-4-2 double 6",54172,"0.044444444444444446","18/19","1","4","14","WIN",1,NA
"294","29.0","Sat 30/03/2019","Sat",2019-03-30,1899-12-31 16:15:00,"H","(1.)","Espanyol (13.)","4-3-3 Attacking",92795,"0.08333333333333333","18/19","2","0","20","WIN",1,NA
"295","30.0","Tue 02/04/2019","Tue",2019-04-02,1899-12-31 21:30:00,"A","(1.)","Villarreal (17.)","4-3-3 Attacking",19515,"0.16944444444444445","18/19","4","4","44","DRAW",0,NA
"296","31.0","Sat 06/04/2019","Sat",2019-04-06,1899-12-31 20:45:00,"H","(1.)","Atlético (2.)","4-4-2 double 6",92453,"0.08333333333333333","18/19","2","0","20","WIN",1,NA
"297","32.0","Sat 13/04/2019","Sat",2019-04-13,1899-12-31 16:15:00,"A","(1.)","SD Huesca (20.)","3-5-2 flat",7332,"0.0","18/19","0","0","00","DRAW",0,NA
"298","33.0","Sat 20/04/2019","Sat",2019-04-20,1899-12-31 20:45:00,"H","(1.)","Real Sociedad (10.)","4-3-3 Attacking",75470,"0.08402777777777778","18/19","2","1","21","WIN",1,NA
"299","34.0","Tue 23/04/2019","Tue",2019-04-23,1899-12-31 21:30:00,"A","(1.)","Alavés (8.)","4-3-3 Attacking",18735,"0.001388888888888889","18/19","0","2","02","WIN",1,NA
"300","35.0","Sat 27/04/2019","Sat",2019-04-27,1899-12-31 20:45:00,"H","(1.)","Levante (15.)","4-3-3 Attacking",91917,"0.041666666666666664","18/19","1","0","10","WIN",1,NA
"301","36.0","Sat 04/05/2019","Sat",2019-05-04,1899-12-31 20:45:00,"A","(1.)","Celta de Vigo (15.)","4-3-3 Attacking",22519,"0.08333333333333333","18/19","2","0","20","LOSS",-1,NA
"302","37.0","Sun 12/05/2019","Sun",2019-05-12,1899-12-31 18:30:00,"H","(1.)","Getafe (4.)","4-3-3 Attacking",57088,"0.08333333333333333","18/19","2","0","20","WIN",1,NA
"303","38.0","Sun 19/05/2019","Sun",2019-05-19,1899-12-31 16:15:00,"A","(1.)","SD Eibar (12.)","4-3-3 Attacking",5145,"0.08472222222222223","18/19","2","2","22","DRAW",0,NA
"304","Group B","Tue 18/09/2018","Tue",2018-09-18,1899-12-31 18:55:00,"H",NA,"PSV","4-3-3 Attacking",73462,"0.16666666666666666","18/19","4","0","40","WIN",1,NA
"305","Group B","Wed 03/10/2018","Wed",2018-10-03,1899-12-31 21:00:00,"A",NA,"Tottenham","4-3-3 Attacking",82137,"0.08611111111111111","18/19","2","4","24","WIN",1,NA
"306","Group B","Wed 24/10/2018","Wed",2018-10-24,1899-12-31 21:00:00,"H",NA,"Inter","4-3-3 Attacking",86290,"0.08333333333333333","18/19","2","0","20","WIN",1,NA
"307","Group B","Tue 06/11/2018","Tue",2018-11-06,1899-12-31 21:00:00,"A",NA,"Inter","4-3-3 Attacking",70915,"0.04236111111111111","18/19","1","1","11","DRAW",0,NA
"308","Group B","Wed 28/11/2018","Wed",2018-11-28,1899-12-31 21:00:00,"A",NA,"PSV","4-3-3 Attacking",34600,"0.043055555555555555","18/19","1","2","12","WIN",1,NA
"309","Group B","Tue 11/12/2018","Tue",2018-12-11,1899-12-31 21:00:00,"H",NA,"Tottenham","4-3-3 Attacking",69961,"0.04236111111111111","18/19","1","1","11","DRAW",0,NA
"310","last 16 1st leg","Tue 19/02/2019","Tue",2019-02-19,1899-12-31 21:00:00,"A",NA,"Lyon","4-3-3 Attacking",57889,"0.0","18/19","0","0","00","DRAW",0,NA
"311","last 16 2nd leg","Wed 13/03/2019","Wed",2019-03-13,1899-12-31 21:00:00,"H",NA,"Lyon","4-3-3 Attacking",92346,"0.20902777777777778","18/19","5","1","51","WIN",1,NA
"312","Quarter-Finals 1st leg","Wed 10/04/2019","Wed",2019-04-10,1899-12-31 21:00:00,"A",NA,"Man Utd","4-3-3 Attacking",74093,"6.944444444444445E-4","18/19","0","1","01","WIN",1,NA
"313","Quarter-Finals 2nd leg","Tue 16/04/2019","Tue",2019-04-16,1899-12-31 21:00:00,"H",NA,"Man Utd","4-3-3 Attacking",96708,"0.125","18/19","3","0","30","WIN",1,NA
"314","Semi-Finals 1st Leg","Wed 01/05/2019","Wed",2019-05-01,1899-12-31 21:00:00,"H",NA,"Liverpool","4-3-3 Attacking",98299,"0.125","18/19","3","0","30","WIN",1,NA
"315","Semi-Finals 2nd Leg","Tue 07/05/2019","Tue",2019-05-07,1899-12-31 21:00:00,"A",NA,"Liverpool","4-4-2 double 6",52212,"0.16666666666666666","18/19","4","0","40","LOSS",-1,NA
"316","intermediate stage 1st leg","Wed 31/10/2018","Wed",2018-10-31,1899-12-31 21:30:00,"A",NA,"CyD Leonesa","4-3-3 Attacking",10873,"6.944444444444445E-4","18/19","0","1","01","WIN",1,NA
"317","intermediate stage 2nd leg","Wed 05/12/2018","Wed",2018-12-05,1899-12-31 21:30:00,"H",NA,"CyD Leonesa","4-3-3 Attacking",76398,"0.1673611111111111","18/19","4","1","41","WIN",1,NA
"318","last 16 1st leg","Thu 10/01/2019","Thu",2019-01-10,1899-12-31 21:30:00,"A",NA,"Levante","4-3-3 Attacking",17614,"0.08402777777777778","18/19","2","1","21","LOSS",-1,NA
"319","last 16 2nd leg","Thu 17/01/2019","Thu",2019-01-17,1899-12-31 21:30:00,"H",NA,"Levante","4-3-3 Attacking",42838,"0.125","18/19","3","0","30","WIN",1,NA
"320","Quarter-Finals 1st leg","Wed 23/01/2019","Wed",2019-01-23,1899-12-31 21:30:00,"A",NA,"Sevilla FC","4-3-3 Attacking",38403,"0.08333333333333333","18/19","2","0","20","LOSS",-1,NA
"321","Quarter-Finals 2nd leg","Wed 30/01/2019","Wed",2019-01-30,1899-12-31 21:30:00,"H",NA,"Sevilla FC","4-3-3 Attacking",58050,"0.25069444444444444","18/19","6","1","61","WIN",1,NA
"322","Semi-Finals 1st Leg","Wed 06/02/2019","Wed",2019-02-06,1899-12-31 21:00:00,"H",NA,"Real Madrid","4-3-3 Attacking",92008,"0.04236111111111111","18/19","1","1","11","DRAW",0,NA
"323","Semi-Finals 2nd Leg","Wed 27/02/2019","Wed",2019-02-27,1899-12-31 21:00:00,"A",NA,"Real Madrid","4-4-2 double 6",80472,"0.0020833333333333333","18/19","0","3","03","WIN",1,NA
"324","Final","Sat 25/05/2019","Sat",2019-05-25,1899-12-31 21:00:00,"H",NA,"Valencia","4-3-3 Attacking",53698,"0.043055555555555555","18/19","1","2","12","LOSS",-1,NA
"325","1.0","Sun 20/08/2017","Sun",2017-08-20,1899-12-31 20:15:00,"H","(1.)","Real Betis (6.)","4-3-3 Attacking",54560,"0.08333333333333333","17/18","2","0","20","WIN",1,NA
"326","2.0","Sat 26/08/2017","Sat",2017-08-26,1899-12-31 18:15:00,"A","(2.)","Alavés (16.)","4-3-3 Attacking",14934,"0.001388888888888889","17/18","0","2","02","WIN",1,NA
"327","3.0","Sat 09/09/2017","Sat",2017-09-09,1899-12-31 20:45:00,"H","(2.)","Espanyol (13.)","4-4-2 double 6",72857,"0.20833333333333334","17/18","5","0","50","WIN",1,NA
"328","4.0","Sat 16/09/2017","Sat",2017-09-16,1899-12-31 16:15:00,"A","(1.)","Getafe (10.)","4-3-3 Attacking",14922,"0.043055555555555555","17/18","1","2","12","WIN",1,NA
"329","5.0","Tue 19/09/2017","Tue",2017-09-19,1899-12-31 22:00:00,"H","(1.)","SD Eibar (10.)","4-3-3 Attacking",49693,"0.25069444444444444","17/18","6","1","61","WIN",1,NA
"330","6.0","Sat 23/09/2017","Sat",2017-09-23,1899-12-31 20:45:00,"A","(1.)","Girona (15.)","37350.0",13500,"0.0020833333333333333","17/18","0","3","03","WIN",1,NA
"331","7.0","Sun 01/10/2017","Sun",2017-10-01,1899-12-31 16:15:00,"H","(1.)","UD Las Palmas (15.)","37350.0",0,"0.125","17/18","3","0","30","WIN",1,NA
"332","8.0","Sat 14/10/2017","Sat",2017-10-14,1899-12-31 20:45:00,"A","(1.)","Atlético (4.)","4-4-2 double 6",64393,"0.04236111111111111","17/18","1","1","11","DRAW",0,NA
"333","9.0","Sat 21/10/2017","Sat",2017-10-21,1899-12-31 20:45:00,"H","(1.)","Málaga CF (20.)","4-3-3 Attacking",74397,"0.08333333333333333","17/18","2","0","20","WIN",1,NA
"334","10.0","Sat 28/10/2017","Sat",2017-10-28,1899-12-31 20:45:00,"A","(1.)","Athletic Club (11.)","37350.0",43570,"0.001388888888888889","17/18","0","2","02","WIN",1,NA
"335","11.0","Sat 04/11/2017","Sat",2017-11-04,1899-12-31 20:45:00,"H","(1.)","Sevilla FC (5.)","4-3-3 Attacking",70723,"0.08402777777777778","17/18","2","1","21","WIN",1,NA
"336","12.0","Sat 18/11/2017","Sat",2017-11-18,1899-12-31 16:15:00,"A","(1.)","CD Leganés (9.)","4-3-3 Attacking",11454,"0.0020833333333333333","17/18","0","3","03","WIN",1,NA
"337","13.0","Sun 26/11/2017","Sun",2017-11-26,1899-12-31 20:45:00,"A","(1.)","Valencia (2.)","37350.0",47775,"0.04236111111111111","17/18","1","1","11","DRAW",0,NA
"338","14.0","Sat 02/12/2017","Sat",2017-12-02,1899-12-31 13:00:00,"H","(1.)","Celta de Vigo (9.)","4-4-2 Diamond",63208,"0.08472222222222223","17/18","2","2","22","DRAW",0,NA
"339","15.0","Sun 10/12/2017","Sun",2017-12-10,1899-12-31 20:45:00,"A","(1.)","Villarreal (6.)","4-3-3 Attacking",21087,"0.001388888888888889","17/18","0","2","02","WIN",1,NA
"340","16.0","Sun 17/12/2017","Sun",2017-12-17,1899-12-31 20:45:00,"H","(1.)","Dep. La Coruña (17.)","4-3-3 Attacking",53607,"0.16666666666666666","17/18","4","0","40","WIN",1,NA
"341","17.0","Sat 23/12/2017","Sat",2017-12-23,1899-12-31 13:00:00,"A","(1.)","Real Madrid (3.)","37350.0",80264,"0.0020833333333333333","17/18","0","3","03","WIN",1,NA
"342","18.0","Sun 07/01/2018","Sun",2018-01-07,1899-12-31 16:15:00,"H","(1.)","Levante (16.)","4-4-2 double 6",56380,"0.125","17/18","3","0","30","WIN",1,NA
"343","19.0","Sun 14/01/2018","Sun",2018-01-14,1899-12-31 20:45:00,"A","(1.)","Real Sociedad (14.)","37350.0",23227,"0.08611111111111111","17/18","2","4","24","WIN",1,NA
"344","20.0","Sun 21/01/2018","Sun",2018-01-21,1899-12-31 20:45:00,"A","(1.)","Real Betis (8.)","37350.0",53426,"0.003472222222222222","17/18","0","5","05","WIN",1,NA
"345","21.0","Sun 28/01/2018","Sun",2018-01-28,1899-12-31 20:45:00,"H","(1.)","Alavés (16.)","4-4-2 double 6",62369,"0.08402777777777778","17/18","2","1","21","WIN",1,NA
"346","22.0","Sun 04/02/2018","Sun",2018-02-04,1899-12-31 16:15:00,"A","(1.)","Espanyol (14.)","4-4-2 double 6",23287,"0.04236111111111111","17/18","1","1","11","DRAW",0,NA
"347","23.0","Sun 11/02/2018","Sun",2018-02-11,1899-12-31 16:15:00,"H","(1.)","Getafe (11.)","4-4-2 double 6",74079,"0.0","17/18","0","0","00","DRAW",0,NA
"348","24.0","Sat 17/02/2018","Sat",2018-02-17,1899-12-31 16:15:00,"A","(1.)","SD Eibar (7.)","37350.0",6760,"0.001388888888888889","17/18","0","2","02","WIN",1,NA
"349","25.0","Sat 24/02/2018","Sat",2018-02-24,1899-12-31 20:45:00,"H","(1.)","Girona (8.)","4-4-2 double 6",85417,"0.25069444444444444","17/18","6","1","61","WIN",1,NA
"350","26.0","Thu 01/03/2018","Thu",2018-03-01,1899-12-31 21:00:00,"A","(1.)","UD Las Palmas (18.)","37350.0",23778,"0.04236111111111111","17/18","1","1","11","DRAW",0,NA
"351","27.0","Sun 04/03/2018","Sun",2018-03-04,1899-12-31 16:15:00,"H","(1.)","Atlético (2.)","4-4-2 double 6",90356,"0.041666666666666664","17/18","1","0","10","WIN",1,NA
"352","28.0","Sat 10/03/2018","Sat",2018-03-10,1899-12-31 20:45:00,"A","(1.)","Málaga CF (20.)","4-3-3 Attacking",26667,"0.001388888888888889","17/18","0","2","02","WIN",1,NA
"353","29.0","Sun 18/03/2018","Sun",2018-03-18,1899-12-31 16:15:00,"H","(1.)","Athletic Club (12.)","4-4-2 double 6",84053,"0.08333333333333333","17/18","2","0","20","WIN",1,NA
"354","30.0","Sat 31/03/2018","Sat",2018-03-31,1899-12-31 20:45:00,"A","(1.)","Sevilla FC (6.)","4-3-3 Attacking",37588,"0.08472222222222223","17/18","2","2","22","DRAW",0,NA
"355","31.0","Sat 07/04/2018","Sat",2018-04-07,1899-12-31 20:45:00,"H","(1.)","CD Leganés (12.)","4-4-2 double 6",72126,"0.12569444444444444","17/18","3","1","31","WIN",1,NA
"356","32.0","Sat 14/04/2018","Sat",2018-04-14,1899-12-31 16:15:00,"H","(1.)","Valencia (3.)","4-4-2 double 6",69544,"0.08402777777777778","17/18","2","1","21","WIN",1,NA
"357","33.0","Tue 17/04/2018","Tue",2018-04-17,1899-12-31 21:00:00,"A","(1.)","Celta de Vigo (9.)","4-3-3 Attacking",20347,"0.08472222222222223","17/18","2","2","22","DRAW",0,NA
"358","34.0","Wed 09/05/2018","Wed",2018-05-09,1899-12-31 20:00:00,"H","(1.)","Villarreal (6.)","4-3-3 Attacking",54743,"0.20902777777777778","17/18","5","1","51","WIN",1,NA
"359","35.0","Sun 29/04/2018","Sun",2018-04-29,1899-12-31 20:45:00,"A","(1.)","Dep. La Coruña (18.)","4-4-2 double 6",25721,"0.08611111111111111","17/18","2","4","24","WIN",1,NA
"360","36.0","Sun 06/05/2018","Sun",2018-05-06,1899-12-31 20:45:00,"H","(1.)","Real Madrid (3.)","4-4-2 double 6",97939,"0.08472222222222223","17/18","2","2","22","DRAW",0,NA
"361","37.0","Sun 13/05/2018","Sun",2018-05-13,1899-12-31 20:45:00,"A","(1.)","Levante (14.)","4-3-3 Attacking",22384,"0.2111111111111111","17/18","5","4","54","LOSS",-1,NA
"362","38.0","Sun 20/05/2018","Sun",2018-05-20,1899-12-31 20:45:00,"H","(1.)","Real Sociedad (10.)","4-3-3 Attacking",84168,"0.041666666666666664","17/18","1","0","10","WIN",1,NA
"363","Group D","Tue 12/09/2017","Tue",2017-09-12,1899-12-31 20:45:00,"H",NA,"Juventus","4-3-3 Attacking",78656,"0.125","17/18","3","0","30","WIN",1,NA
"364","Group D","Wed 27/09/2017","Wed",2017-09-27,1899-12-31 20:45:00,"A",NA,"Sporting","4-4-2 double 6",48575,"6.944444444444445E-4","17/18","0","1","01","WIN",1,NA
"365","Group D","Wed 18/10/2017","Wed",2017-10-18,1899-12-31 20:45:00,"H",NA,"Olympiacos","4-3-3 Attacking",55026,"0.12569444444444444","17/18","3","1","31","WIN",1,NA
"366","Group D","Tue 31/10/2017","Tue",2017-10-31,1899-12-31 20:45:00,"A",NA,"Olympiacos","4-4-2 double 6",31600,"0.0","17/18","0","0","00","DRAW",0,NA
"367","Group D","Wed 22/11/2017","Wed",2017-11-22,1899-12-31 20:45:00,"A",NA,"Juventus","4-3-3 Attacking",40876,"0.0","17/18","0","0","00","DRAW",0,NA
"368","Group D","Tue 05/12/2017","Tue",2017-12-05,1899-12-31 20:45:00,"H",NA,"Sporting","4-3-3 Attacking",48336,"0.08333333333333333","17/18","2","0","20","WIN",1,NA
"369","last 16 1st leg","Tue 20/02/2018","Tue",2018-02-20,1899-12-31 20:45:00,"A",NA,"Chelsea","4-4-2 double 6",37741,"0.04236111111111111","17/18","1","1","11","DRAW",0,NA
"370","last 16 2nd leg","Wed 14/03/2018","Wed",2018-03-14,1899-12-31 20:45:00,"H",NA,"Chelsea","4-4-2 double 6",97183,"0.125","17/18","3","0","30","WIN",1,NA
"371","Quarter-Finals 1st leg","Wed 04/04/2018","Wed",2018-04-04,1899-12-31 20:45:00,"H",NA,"Roma","37350.0",90106,"0.1673611111111111","17/18","4","1","41","WIN",1,NA
"372","Quarter-Finals 2nd leg","Tue 10/04/2018","Tue",2018-04-10,1899-12-31 20:45:00,"A",NA,"Roma","4-4-2 double 6",56580,"0.125","17/18","3","0","30","LOSS",-1,NA
"373","intermediate stage 1st leg","Tue 24/10/2017","Tue",2017-10-24,1899-12-31 21:30:00,"A",NA,"Real Murcia","4-3-3 Attacking",16127,"0.0020833333333333333","17/18","0","3","03","WIN",1,NA
"374","intermediate stage 2nd leg","Wed 29/11/2017","Wed",2017-11-29,1899-12-31 19:30:00,"H",NA,"Real Murcia","4-3-3 Attacking",68775,"0.20833333333333334","17/18","5","0","50","WIN",1,NA
"375","last 16 1st leg","Thu 04/01/2018","Thu",2018-01-04,1899-12-31 19:00:00,"A",NA,"Celta de Vigo","4-1-4-1",21338,"0.04236111111111111","17/18","1","1","11","DRAW",0,NA
"376","last 16 2nd leg","Thu 11/01/2018","Thu",2018-01-11,1899-12-31 21:30:00,"H",NA,"Celta de Vigo","37350.0",59009,"0.20833333333333334","17/18","5","0","50","WIN",1,NA
"377","Quarter-Finals 1st leg","Wed 17/01/2018","Wed",2018-01-17,1899-12-31 21:00:00,"A",NA,"Espanyol","4-1-4-1",23323,"0.041666666666666664","17/18","1","0","10","LOSS",-1,NA
"378","Quarter-Finals 2nd leg","Thu 25/01/2018","Thu",2018-01-25,1899-12-31 21:30:00,"H",NA,"Espanyol","4-4-2 double 6",79774,"0.08333333333333333","17/18","2","0","20","WIN",1,NA
"379","Semi-Finals 1st Leg","Thu 01/02/2018","Thu",2018-02-01,1899-12-31 21:30:00,"H",NA,"Valencia","37350.0",50959,"0.041666666666666664","17/18","1","0","10","WIN",1,NA
"380","Semi-Finals 2nd Leg","Thu 08/02/2018","Thu",2018-02-08,1899-12-31 21:30:00,"A",NA,"Valencia","37350.0",43355,"0.001388888888888889","17/18","0","2","02","WIN",1,NA
"381","Final","Sat 21/04/2018","Sat",2018-04-21,1899-12-31 21:30:00,"A",NA,"Sevilla FC","4-4-2 double 6",68000,"0.003472222222222222","17/18","0","5","05","WIN",1,NA
"382","1.0","Sat 20/08/2016","Sat",NA,1899-12-31 18:15:00,"H","(2.)","Real Betis (15.)","4-3-3 Attacking",65731,"6:2","16/17","6","2","62","WIN",NA,NA
"383","2.0","Sun 28/08/2016","Sun",NA,1899-12-31 20:15:00,"A","(1.)","Athletic Club (14.)","4-3-3 Attacking",46724,"0:1","16/17","0","1","01","WIN",NA,NA
"384","3.0","Sat 10/09/2016","Sat",NA,1899-12-31 20:30:00,"H","(2.)","Alavés (11.)","4-3-3 Attacking",74237,"1:2","16/17","1","2","12","LOSS",NA,NA
"385","4.0","Sat 17/09/2016","Sat",NA,1899-12-31 13:00:00,"A","(5.)","CD Leganés (12.)","37714.0",10958,"1:5","16/17","1","5","15","WIN",NA,NA
"386","5.0","Wed 21/09/2016","Wed",NA,1899-12-31 22:00:00,"H","(2.)","Atlético (6.)","4-3-3 Attacking",89421,"1:1","16/17","1","1","11","DRAW",NA,NA
"387","6.0","Sat 24/09/2016","Sat",NA,1899-12-31 16:15:00,"A","(3.)","Sporting Gijón (8.)","4-3-3 Attacking",25899,"0:5","16/17","0","5","05","WIN",NA,NA
"388","7.0","Sun 02/10/2016","Sun",NA,1899-12-31 20:45:00,"A","(2.)","Celta de Vigo (11.)","4-3-3 Attacking",20034,"4:3","16/17","4","3","43","LOSS",NA,NA
"389","8.0","Sat 15/10/2016","Sat",NA,1899-12-31 16:15:00,"H","(4.)","Dep. La Coruña (14.)","37714.0",83553,"4:0","16/17","4","0","40","WIN",NA,NA
"390","9.0","Sat 22/10/2016","Sat",NA,1899-12-31 16:15:00,"A","(4.)","Valencia (14.)","4-3-3 Attacking",46770,"2:3","16/17","2","3","23","WIN",NA,NA
"391","10.0","Sat 29/10/2016","Sat",NA,1899-12-31 20:45:00,"H","(3.)","Granada CF (20.)","4-3-3 Attacking",82914,"1:0","16/17","1","0","10","WIN",NA,NA
"392","11.0","Sun 06/11/2016","Sun",NA,1899-12-31 20:45:00,"A","(2.)","Sevilla FC (3.)","4-3-3 Attacking",40812,"1:2","16/17","1","2","12","WIN",NA,NA
"393","12.0","Sat 19/11/2016","Sat",NA,1899-12-31 16:15:00,"H","(2.)","Málaga CF (10.)","4-3-3 Attacking",83439,"0:0","16/17","0","0","00","DRAW",NA,NA
"394","13.0","Sun 27/11/2016","Sun",NA,1899-12-31 20:45:00,"A","(2.)","Real Sociedad (5.)","4-3-3 Attacking",27756,"1:1","16/17","1","1","11","DRAW",NA,NA
"395","14.0","Sat 03/12/2016","Sat",NA,1899-12-31 16:15:00,"H","(2.)","Real Madrid (1.)","4-3-3 Attacking",98485,"1:1","16/17","1","1","11","DRAW",NA,NA
"396","15.0","Sat 10/12/2016","Sat",NA,1899-12-31 13:00:00,"A","(2.)","CA Osasuna (20.)","4-3-3 Attacking",17349,"0:3","16/17","0","3","03","WIN",NA,NA
"397","16.0","Sun 18/12/2016","Sun",NA,1899-12-31 20:45:00,"H","(2.)","Espanyol (9.)","4-3-3 Attacking",79370,"4:1","16/17","4","1","41","WIN",NA,NA
"398","17.0","Sun 08/01/2017","Sun",NA,1899-12-31 20:45:00,"A","(2.)","Villarreal (4.)","4-3-3 Attacking",22893,"1:1","16/17","1","1","11","DRAW",NA,NA
"399","18.0","Sat 14/01/2017","Sat",NA,1899-12-31 16:15:00,"H","(3.)","UD Las Palmas (8.)","4-3-3 Attacking",81480,"5:0","16/17","5","0","50","WIN",NA,NA
"400","19.0","Sun 22/01/2017","Sun",NA,1899-12-31 20:45:00,"A","(3.)","SD Eibar (9.)","4-3-3 Attacking",6340,"0:4","16/17","0","4","04","WIN",NA,NA
"401","20.0","Sun 29/01/2017","Sun",NA,1899-12-31 12:00:00,"A","(3.)","Real Betis (13.)","4-3-3 Attacking",43790,"1:1","16/17","1","1","11","DRAW",NA,NA
"402","21.0","Sat 04/02/2017","Sat",NA,1899-12-31 16:15:00,"H","(2.)","Athletic Club (7.)","4-3-3 Attacking",83884,"3:0","16/17","3","0","30","WIN",NA,NA
"403","22.0","Sat 11/02/2017","Sat",NA,1899-12-31 16:15:00,"A","(2.)","Alavés (12.)","4-3-3 Attacking",19307,"0:6","16/17","0","6","06","WIN",NA,NA
"404","23.0","Sun 19/02/2017","Sun",NA,1899-12-31 20:45:00,"H","(2.)","CD Leganés (17.)","4-3-3 Attacking",63378,"2:1","16/17","2","1","21","WIN",NA,NA
"405","24.0","Sun 26/02/2017","Sun",NA,1899-12-31 16:15:00,"A","(2.)","Atlético (4.)","4-3-3 Attacking",52573,"1:2","16/17","1","2","12","WIN",NA,NA
"406","25.0","Wed 01/03/2017","Wed",NA,1899-12-31 19:30:00,"H","(2.)","Sporting Gijón (18.)","37714.0",56605,"6:1","16/17","6","1","61","WIN",NA,NA
"407","26.0","Sat 04/03/2017","Sat",NA,1899-12-31 20:45:00,"H","(2.)","Celta de Vigo (10.)","3-4-3 Diamond",77117,"5:0","16/17","5","0","50","WIN",NA,NA
"408","27.0","Sun 12/03/2017","Sun",NA,1899-12-31 16:15:00,"A","(2.)","Dep. La Coruña (17.)","4-3-3 Attacking",28473,"2:1","16/17","2","1","21","LOSS",NA,NA
"409","28.0","Sun 19/03/2017","Sun",NA,1899-12-31 20:45:00,"H","(2.)","Valencia (13.)","3-4-2-1",78675,"4:2","16/17","4","2","42","WIN",NA,NA
"410","29.0","Sun 02/04/2017","Sun",NA,1899-12-31 20:45:00,"A","(2.)","Granada CF (19.)","4-3-3 Attacking",18676,"1:4","16/17","1","4","14","WIN",NA,NA
"411","30.0","Wed 05/04/2017","Wed",NA,1899-12-31 19:30:00,"H","(2.)","Sevilla FC (4.)","37714.0",85511,"3:0","16/17","3","0","30","WIN",NA,NA
"412","31.0","Sat 08/04/2017","Sat",NA,1899-12-31 20:45:00,"A","(2.)","Málaga CF (15.)","4-3-3 Attacking",28314,"2:0","16/17","2","0","20","LOSS",NA,NA
"413","32.0","Sat 15/04/2017","Sat",NA,1899-12-31 20:45:00,"H","(2.)","Real Sociedad (6.)","4-3-3 Attacking",81704,"3:2","16/17","3","2","32","WIN",NA,NA
"414","33.0","Sun 23/04/2017","Sun",NA,1899-12-31 20:45:00,"A","(2.)","Real Madrid (1.)","4-3-3 Attacking",81044,"2:3","16/17","2","3","23","WIN",NA,NA
"415","34.0","Wed 26/04/2017","Wed",NA,1899-12-31 19:30:00,"H","(2.)","CA Osasuna (20.)","3-4-2-1",63989,"7:1","16/17","7","1","71","WIN",NA,NA
"416","35.0","Sat 29/04/2017","Sat",NA,1899-12-31 20:45:00,"A","(2.)","Espanyol (9.)","4-3-3 Attacking",31708,"0:3","16/17","0","3","03","WIN",NA,NA
"417","36.0","Sat 06/05/2017","Sat",NA,1899-12-31 18:30:00,"H","(2.)","Villarreal (5.)","4-3-3 Attacking",90461,"4:1","16/17","4","1","41","WIN",NA,NA
"418","37.0","Sun 14/05/2017","Sun",NA,1899-12-31 20:00:00,"A","(2.)","UD Las Palmas (14.)","4-3-3 Attacking",22268,"1:4","16/17","1","4","14","WIN",NA,NA
"419","38.0","Sun 21/05/2017","Sun",NA,1899-12-31 20:00:00,"H","(2.)","SD Eibar (8.)","4-3-3 Attacking",74932,"4:2","16/17","4","2","42","WIN",NA,NA
"420","Group C","Tue 13/09/2016","Tue",NA,1899-12-31 20:45:00,"H",NA,"Celtic","4-3-3 Attacking",73290,"7:0","16/17","7","0","70","WIN",NA,NA
"421","Group C","Wed 28/09/2016","Wed",NA,1899-12-31 20:45:00,"A",NA,"Mönchengladbach","4-3-3 Attacking",46283,"1:2","16/17","1","2","12","WIN",NA,NA
"422","Group C","Wed 19/10/2016","Wed",NA,1899-12-31 20:45:00,"H",NA,"Man City","4-3-3 Attacking",96290,"4:0","16/17","4","0","40","WIN",NA,NA
"423","Group C","Tue 01/11/2016","Tue",NA,1899-12-31 20:45:00,"A",NA,"Man City","4-3-3 Attacking",53340,"3:1","16/17","3","1","31","LOSS",NA,NA
"424","Group C","Wed 23/11/2016","Wed",NA,1899-12-31 20:45:00,"A",NA,"Celtic","4-3-3 Attacking",57937,"0:2","16/17","0","2","02","WIN",NA,NA
"425","Group C","Tue 06/12/2016","Tue",NA,1899-12-31 20:45:00,"H",NA,"Mönchengladbach","4-3-3 Attacking",67157,"4:0","16/17","4","0","40","WIN",NA,NA
"426","last 16 1st leg","Tue 14/02/2017","Tue",NA,1899-12-31 20:45:00,"A",NA,"PSG","4-3-3 Attacking",46484,"4:0","16/17","4","0","40","LOSS",NA,NA
"427","last 16 2nd leg","Wed 08/03/2017","Wed",NA,1899-12-31 20:45:00,"H",NA,"PSG","3-1-4-2",96290,"6:1","16/17","6","1","61","WIN",NA,NA
"428","Quarter-Finals 1st leg","Tue 11/04/2017","Tue",NA,1899-12-31 20:45:00,"A",NA,"Juventus","4-3-3 Attacking",41092,"3:0","16/17","3","0","30","LOSS",NA,NA
"429","Quarter-Finals 2nd leg","Wed 19/04/2017","Wed",NA,1899-12-31 20:45:00,"H",NA,"Juventus","4-3-3 Attacking",96290,"0:0","16/17","0","0","00","DRAW",NA,NA
"430","intermediate stage 1st leg","Wed 30/11/2016","Wed",NA,1899-12-31 21:00:00,"A",NA,"Hércules CF","4-3-3 Attacking",14250,"1:1","16/17","1","1","11","DRAW",NA,NA
"431","intermediate stage 2nd leg","Wed 21/12/2016","Wed",NA,1899-12-31 21:00:00,"H",NA,"Hércules CF","4-3-3 Attacking",64025,"7:0","16/17","7","0","70","WIN",NA,NA
"432","last 16 1st leg","Thu 05/01/2017","Thu",NA,1899-12-31 20:15:00,"A",NA,"Athletic Club","4-3-3 Attacking",45772,"2:1","16/17","2","1","21","LOSS",NA,NA
"433","last 16 2nd leg","Wed 11/01/2017","Wed",NA,1899-12-31 20:15:00,"H",NA,"Athletic Club","4-3-3 Attacking",71455,"3:1","16/17","3","1","31","WIN",NA,NA
"434","Quarter-Finals 1st leg","Thu 19/01/2017","Thu",NA,1899-12-31 20:15:00,"A",NA,"Real Sociedad","4-3-3 Attacking",28461,"0:1","16/17","0","1","01","WIN",NA,NA
"435","Quarter-Finals 2nd leg","Thu 26/01/2017","Thu",NA,1899-12-31 20:15:00,"H",NA,"Real Sociedad","4-3-3 Attacking",58560,"5:2","16/17","5","2","52","WIN",NA,NA
"436","Semi-Finals 1st Leg","Wed 01/02/2017","Wed",NA,1899-12-31 20:00:00,"A",NA,"Atlético","4-3-3 Attacking",48214,"1:2","16/17","1","2","12","WIN",NA,NA
"437","Semi-Finals 2nd Leg","Tue 07/02/2017","Tue",NA,1899-12-31 20:00:00,"H",NA,"Atlético","4-3-3 Attacking",67734,"1:1","16/17","1","1","11","DRAW",NA,NA
"438","Final","Sat 27/05/2017","Sat",NA,1899-12-31 20:30:00,"H",NA,"Alavés","4-3-3 Attacking",54907,"3:1","16/17","3","1","31","WIN",NA,NA
"439","1.0","Sun 23/08/2015","Sun",NA,1899-12-31 17:30:00,"A","(1.)","Athletic Club (5.)","4-3-3 Attacking",44772,"0:1","15/16","0","1","01","WIN",NA,NA
"440","2.0","Sat 29/08/2015","Sat",NA,1899-12-31 19:30:00,"H","(3.)","Málaga CF (11.)","4-3-3 Attacking",80812,"1:0","15/16","1","0","10","WIN",NA,NA
"441","3.0","Sat 12/09/2015","Sat",NA,1899-12-31 19:30:00,"A","(4.)","Atlético (3.)","4-3-3 Attacking",51691,"1:2","15/16","1","2","12","WIN",NA,NA
"442","4.0","Sun 20/09/2015","Sun",NA,1899-12-31 19:30:00,"H","(1.)","Levante (13.)","4-2-3-1",74383,"4:1","15/16","4","1","41","WIN",NA,NA
"443","5.0","Wed 23/09/2015","Wed",NA,1899-12-31 19:00:00,"A","(1.)","Celta de Vigo (4.)","4-3-3 Attacking",23311,"4:1","15/16","4","1","41","LOSS",NA,NA
"444","6.0","Sat 26/09/2015","Sat",NA,1899-12-31 15:00:00,"H","(4.)","UD Las Palmas (14.)","4-3-3 Attacking",73017,"2:1","15/16","2","1","21","WIN",NA,NA
"445","7.0","Sat 03/10/2015","Sat",NA,1899-12-31 15:00:00,"A","(2.)","Sevilla FC (16.)","4-3-3 Attacking",39374,"2:1","15/16","2","1","21","LOSS",NA,NA
"446","8.0","Sat 17/10/2015","Sat",NA,1899-12-31 19:30:00,"H","(4.)","Rayo Vallecano (15.)","4-3-3 Attacking",73805,"5:2","15/16","5","2","52","WIN",NA,NA
"447","9.0","Sun 25/10/2015","Sun",NA,1899-12-31 17:15:00,"H","(3.)","SD Eibar (7.)","4-3-3 Attacking",76622,"3:1","15/16","3","1","31","WIN",NA,NA
"448","10.0","Sat 31/10/2015","Sat",NA,1899-12-31 19:30:00,"A","(2.)","Getafe (13.)","4-3-3 Attacking",10009,"0:2","15/16","0","2","02","WIN",NA,NA
"449","11.0","Sun 08/11/2015","Sun",NA,1899-12-31 15:00:00,"H","(2.)","Villarreal (4.)","4-3-3 Attacking",72585,"3:0","15/16","3","0","30","WIN",NA,NA
"450","12.0","Sat 21/11/2015","Sat",NA,1899-12-31 17:15:00,"A","(1.)","Real Madrid (2.)","4-3-3 Attacking",80148,"0:4","15/16","0","4","04","WIN",NA,NA
"451","13.0","Sat 28/11/2015","Sat",NA,1899-12-31 15:00:00,"H","(1.)","Real Sociedad (14.)","4-3-3 Attacking",74020,"4:0","15/16","4","0","40","WIN",NA,NA
"452","14.0","Sat 05/12/2015","Sat",NA,1899-12-31 19:30:00,"A","(1.)","Valencia (9.)","4-3-3 Attacking",46799,"1:1","15/16","1","1","11","DRAW",NA,NA
"453","15.0","Sat 12/12/2015","Sat",NA,1899-12-31 15:00:00,"H","(1.)","Dep. La Coruña (6.)","4-3-3 Attacking",65531,"2:2","15/16","2","2","22","DRAW",NA,NA
"454","16.0","Wed 17/02/2016","Wed",NA,1899-12-31 17:30:00,"A","(1.)","Sporting Gijón (15.)","4-3-3 Attacking",28140,"1:3","15/16","1","3","13","WIN",NA,NA
"455","17.0","Wed 30/12/2015","Wed",NA,1899-12-31 19:30:00,"H","(1.)","Real Betis (12.)","4-3-3 Attacking",81977,"4:0","15/16","4","0","40","WIN",NA,NA
"456","18.0","Sat 02/01/2016","Sat",NA,1899-12-31 15:00:00,"A","(1.)","Espanyol (11.)","4-3-3 Attacking",24203,"0:0","15/16","0","0","00","DRAW",NA,NA
"457","19.0","Sat 09/01/2016","Sat",NA,1899-12-31 15:00:00,"H","(1.)","Granada CF (17.)","4-3-3 Attacking",69091,"4:0","15/16","4","0","40","WIN",NA,NA
"458","20.0","Sun 17/01/2016","Sun",NA,1899-12-31 19:30:00,"H","(1.)","Athletic Club (8.)","4-3-3 Attacking",66234,"6:0","15/16","6","0","60","WIN",NA,NA
"459","21.0","Sat 23/01/2016","Sat",NA,1899-12-31 15:00:00,"A","(1.)","Málaga CF (12.)","4-3-3 Attacking",27559,"1:2","15/16","1","2","12","WIN",NA,NA
"460","22.0","Sat 30/01/2016","Sat",NA,1899-12-31 15:00:00,"H","(1.)","Atlético (2.)","4-3-3 Attacking",93011,"2:1","15/16","2","1","21","WIN",NA,NA
"461","23.0","Sun 07/02/2016","Sun",NA,1899-12-31 11:00:00,"A","(1.)","Levante (20.)","4-3-3 Attacking",22638,"0:2","15/16","0","2","02","WIN",NA,NA
"462","24.0","Sun 14/02/2016","Sun",NA,1899-12-31 19:30:00,"H","(1.)","Celta de Vigo (7.)","4-3-3 Attacking",72580,"6:1","15/16","6","1","61","WIN",NA,NA
"463","25.0","Sat 20/02/2016","Sat",NA,1899-12-31 15:00:00,"A","(1.)","UD Las Palmas (18.)","4-3-3 Attacking",26951,"1:2","15/16","1","2","12","WIN",NA,NA
"464","26.0","Sun 28/02/2016","Sun",NA,1899-12-31 19:30:00,"H","(1.)","Sevilla FC (5.)","4-3-3 Attacking",77837,"2:1","15/16","2","1","21","WIN",NA,NA
"465","27.0","Thu 03/03/2016","Thu",NA,1899-12-31 20:00:00,"A","(1.)","Rayo Vallecano (16.)","4-3-3 Attacking",13775,"1:5","15/16","1","5","15","WIN",NA,NA
"466","28.0","Sun 06/03/2016","Sun",NA,1899-12-31 15:00:00,"A","(1.)","SD Eibar (8.)","4-3-3 Attacking",5941,"0:4","15/16","0","4","04","WIN",NA,NA
"467","29.0","Sat 12/03/2016","Sat",NA,1899-12-31 15:00:00,"H","(1.)","Getafe (16.)","4-3-3 Attacking",85862,"6:0","15/16","6","0","60","WIN",NA,NA
"468","30.0","Sun 20/03/2016","Sun",NA,1899-12-31 15:00:00,"A","(1.)","Villarreal (4.)","4-3-3 Attacking",24398,"2:2","15/16","2","2","22","DRAW",NA,NA
"469","31.0","Sat 02/04/2016","Sat",NA,1899-12-31 19:30:00,"H","(1.)","Real Madrid (3.)","4-3-3 Attacking",98902,"1:2","15/16","1","2","12","LOSS",NA,NA
"470","32.0","Sat 09/04/2016","Sat",NA,1899-12-31 19:30:00,"A","(1.)","Real Sociedad (9.)","4-3-3 Attacking",27895,"1:0","15/16","1","0","10","LOSS",NA,NA
"471","33.0","Sun 17/04/2016","Sun",NA,1899-12-31 19:30:00,"H","(1.)","Valencia (14.)","4-3-3 Attacking",86903,"1:2","15/16","1","2","12","LOSS",NA,NA
"472","34.0","Wed 20/04/2016","Wed",NA,1899-12-31 19:00:00,"A","(1.)","Dep. La Coruña (13.)","4-3-3 Attacking",28956,"0:8","15/16","0","8","08","WIN",NA,NA
"473","35.0","Sat 23/04/2016","Sat",NA,1899-12-31 19:30:00,"H","(1.)","Sporting Gijón (18.)","4-3-3 Attacking",75882,"6:0","15/16","6","0","60","WIN",NA,NA
"474","36.0","Sat 30/04/2016","Sat",NA,1899-12-31 19:30:00,"A","(1.)","Real Betis (13.)","4-3-3 Attacking",44015,"0:2","15/16","0","2","02","WIN",NA,NA
"475","37.0","Sun 08/05/2016","Sun",NA,1899-12-31 16:00:00,"H","(1.)","Espanyol (14.)","4-3-3 Attacking",89453,"5:0","15/16","5","0","50","WIN",NA,NA
"476","38.0","Sat 14/05/2016","Sat",NA,1899-12-31 16:00:00,"A","(1.)","Granada CF (16.)","4-3-3 Attacking",21692,"0:3","15/16","0","3","03","WIN",NA,NA
"477","Group E","Wed 16/09/2015","Wed",NA,1899-12-31 19:45:00,"A",NA,"Roma","4-3-3 Attacking",57836,"1:1","15/16","1","1","11","DRAW",NA,NA
"478","Group E","Tue 29/09/2015","Tue",NA,1899-12-31 19:45:00,"H",NA,"Leverkusen","4-3-3 Attacking",68694,"2:1","15/16","2","1","21","WIN",NA,NA
"479","Group E","Tue 20/10/2015","Tue",NA,1899-12-31 19:45:00,"A",NA,"BATE Borisov","4-3-3 Attacking",13074,"0:2","15/16","0","2","02","WIN",NA,NA
"480","Group E","Wed 04/11/2015","Wed",NA,1899-12-31 19:45:00,"H",NA,"BATE Borisov","4-3-3 Attacking",68502,"3:0","15/16","3","0","30","WIN",NA,NA
"481","Group E","Tue 24/11/2015","Tue",NA,1899-12-31 19:45:00,"H",NA,"Roma","4-3-3 Attacking",71433,"6:1","15/16","6","1","61","WIN",NA,NA
"482","Group E","Wed 09/12/2015","Wed",NA,1899-12-31 19:45:00,"A",NA,"Leverkusen","4-3-3 Attacking",30210,"1:1","15/16","1","1","11","DRAW",NA,NA
"483","last 16 1st leg","Tue 23/02/2016","Tue",NA,1899-12-31 19:45:00,"A",NA,"Arsenal","4-3-3 Attacking",60260,"0:2","15/16","0","2","02","WIN",NA,NA
"484","last 16 2nd leg","Wed 16/03/2016","Wed",NA,1899-12-31 19:45:00,"H",NA,"Arsenal","4-3-3 Attacking",76092,"3:1","15/16","3","1","31","WIN",NA,NA
"485","Quarter-Finals 1st leg","Tue 05/04/2016","Tue",NA,1899-12-31 19:45:00,"H",NA,"Atlético","4-3-3 Attacking",88534,"2:1","15/16","2","1","21","WIN",NA,NA
"486","Quarter-Finals 2nd leg","Wed 13/04/2016","Wed",NA,1899-12-31 19:45:00,"A",NA,"Atlético","4-3-3 Attacking",52851,"2:0","15/16","2","0","20","LOSS",NA,NA
"487","4th round 1st leg","Wed 28/10/2015","Wed",NA,1899-12-31 19:30:00,"A",NA,"Villanovense","4-3-3 Attacking",8000,"0:0","15/16","0","0","00","DRAW",NA,NA
"488","4th round 2nd leg","Wed 02/12/2015","Wed",NA,1899-12-31 19:00:00,"H",NA,"Villanovense","4-3-3 Attacking",67703,"6:1","15/16","6","1","61","WIN",NA,NA
"489","last 16 1st leg","Wed 06/01/2016","Wed",NA,1899-12-31 19:30:00,"H",NA,"Espanyol","4-3-3 Attacking",76667,"4:1","15/16","4","1","41","WIN",NA,NA
"490","last 16 2nd leg","Wed 13/01/2016","Wed",NA,1899-12-31 20:00:00,"A",NA,"Espanyol","4-3-3 Attacking",20843,"0:2","15/16","0","2","02","WIN",NA,NA
"491","Quarter-Finals 1st leg","Wed 20/01/2016","Wed",NA,1899-12-31 20:00:00,"A",NA,"Athletic Club","4-3-3 Attacking",53000,"1:2","15/16","1","2","12","WIN",NA,NA
"492","Quarter-Finals 2nd leg","Wed 27/01/2016","Wed",NA,1899-12-31 20:30:00,"H",NA,"Athletic Club","4-3-3 Attacking",63405,"3:1","15/16","3","1","31","WIN",NA,NA
"493","Semi-Finals 1st Leg","Wed 03/02/2016","Wed",NA,1899-12-31 20:00:00,"H",NA,"Valencia","4-3-3 Attacking",60635,"7:0","15/16","7","0","70","WIN",NA,NA
"494","Semi-Finals 2nd Leg","Wed 10/02/2016","Wed",NA,1899-12-31 20:00:00,"A",NA,"Valencia","4-3-3 Attacking",16296,"1:1","15/16","1","1","11","DRAW",NA,NA
"495","Final","Sun 22/05/2016","Sun",NA,1899-12-31 20:30:00,"H",NA,"Sevilla FC","4-3-3 Attacking",54907,"2:0 AET","15/16","2","0.0","20","WIN",NA,NA
"496","1.0","Sun 24/08/2014","Sun",NA,1899-12-31 20:00:00,"H","(1.)","Elche CF (13.)","4-3-3 Attacking",68105,"3:0","14/15","3","0","30","WIN",NA,NA
"497","2.0","Sun 31/08/2014","Sun",NA,1899-12-31 18:00:00,"A","(1.)","Villarreal (4.)","4-3-3 Attacking",21200,"0:1","14/15","0","1","01","WIN",NA,NA
"498","3.0","Sat 13/09/2014","Sat",NA,1899-12-31 15:00:00,"H","(1.)","Athletic Club (10.)","4-3-3 Attacking",80181,"2:0","14/15","2","0","20","WIN",NA,NA
"499","4.0","Sun 21/09/2014","Sun",NA,1899-12-31 20:00:00,"A","(1.)","Levante (19.)","4-3-3 Attacking",22170,"0:5","14/15","0","5","05","WIN",NA,NA
"500","5.0","Wed 24/09/2014","Wed",NA,1899-12-31 21:00:00,"A","(1.)","Málaga CF (10.)","4-3-3 Attacking",24820,"0:0","14/15","0","0","00","DRAW",NA,NA
"501","6.0","Sat 27/09/2014","Sat",NA,1899-12-31 17:00:00,"H","(3.)","Granada CF (8.)","4-3-3 Attacking",72596,"6:0","14/15","6","0","60","WIN",NA,NA
"502","7.0","Sat 04/10/2014","Sat",NA,1899-12-31 17:00:00,"A","(1.)","Rayo Vallecano (10.)","4-3-3 Attacking",14070,"0:2","14/15","0","2","02","WIN",NA,NA
"503","8.0","Sat 18/10/2014","Sat",NA,1899-12-31 19:00:00,"H","(1.)","SD Eibar (10.)","4-3-3 Attacking",75546,"3:0","14/15","3","0","30","WIN",NA,NA
"504","9.0","Sat 25/10/2014","Sat",NA,1899-12-31 17:00:00,"A","(1.)","Real Madrid (3.)","4-3-3 Attacking",84000,"3:1","14/15","3","1","31","LOSS",NA,NA
"505","10.0","Sat 01/11/2014","Sat",NA,1899-12-31 19:00:00,"H","(1.)","Celta de Vigo (6.)","4-3-3 Attacking",71468,"0:1","14/15","0","1","01","LOSS",NA,NA
"506","11.0","Sat 08/11/2014","Sat",NA,1899-12-31 15:00:00,"A","(4.)","UD Almería (18.)","4-3-3 Attacking",12606,"1:2","14/15","1","2","12","WIN",NA,NA
"507","12.0","Sat 22/11/2014","Sat",NA,1899-12-31 19:00:00,"H","(2.)","Sevilla FC (5.)","4-3-3 Attacking",78283,"5:1","14/15","5","1","51","WIN",NA,NA
"508","13.0","Sun 30/11/2014","Sun",NA,1899-12-31 20:00:00,"A","(2.)","Valencia (4.)","4-3-3 Attacking",51200,"0:1","14/15","0","1","01","WIN",NA,NA
"509","14.0","Sun 07/12/2014","Sun",NA,1899-12-31 16:00:00,"H","(2.)","Espanyol (12.)","4-3-3 Attacking",76057,"5:1","14/15","5","1","51","WIN",NA,NA
"510","15.0","Sat 13/12/2014","Sat",NA,1899-12-31 15:00:00,"A","(2.)","Getafe (12.)","4-3-3 Attacking",9500,"0:0","14/15","0","0","00","DRAW",NA,NA
"511","16.0","Sat 20/12/2014","Sat",NA,1899-12-31 15:00:00,"H","(2.)","Córdoba CF (18.)","4-3-3 Attacking",60066,"5:0","14/15","5","0","50","WIN",NA,NA
"512","17.0","Sun 04/01/2015","Sun",NA,1899-12-31 20:00:00,"A","(2.)","Real Sociedad (14.)","4-3-3 Attacking",28748,"1:0","14/15","1","0","10","LOSS",NA,NA
"513","18.0","Sun 11/01/2015","Sun",NA,1899-12-31 20:00:00,"H","(2.)","Atlético (3.)","4-3-3 Attacking",81658,"3:1","14/15","3","1","31","WIN",NA,NA
"514","19.0","Sun 18/01/2015","Sun",NA,1899-12-31 18:00:00,"A","(2.)","Dep. La Coruña (16.)","4-3-3 Attacking",25173,"0:4","14/15","0","4","04","WIN",NA,NA
"515","20.0","Sat 24/01/2015","Sat",NA,1899-12-31 17:00:00,"A","(2.)","Elche CF (17.)","4-3-3 Attacking",28235,"0:6","14/15","0","6","06","WIN",NA,NA
"516","21.0","Sun 01/02/2015","Sun",NA,1899-12-31 20:00:00,"H","(2.)","Villarreal (6.)","4-3-3 Attacking",60005,"3:2","14/15","3","2","32","WIN",NA,NA
"517","22.0","Sun 08/02/2015","Sun",NA,1899-12-31 20:00:00,"A","(2.)","Athletic Club (12.)","4-3-3 Attacking",44521,"2:5","14/15","2","5","25","WIN",NA,NA
"518","23.0","Sun 15/02/2015","Sun",NA,1899-12-31 16:00:00,"H","(2.)","Levante (17.)","4-3-3 Attacking",74963,"5:0","14/15","5","0","50","WIN",NA,NA
"519","24.0","Sat 21/02/2015","Sat",NA,1899-12-31 15:00:00,"H","(2.)","Málaga CF (7.)","4-3-3 Attacking",78276,"0:1","14/15","0","1","01","LOSS",NA,NA
"520","25.0","Sat 28/02/2015","Sat",NA,1899-12-31 15:00:00,"A","(2.)","Granada CF (19.)","4-3-3 Attacking",18119,"1:3","14/15","1","3","13","WIN",NA,NA
"521","26.0","Sun 08/03/2015","Sun",NA,1899-12-31 11:00:00,"H","(2.)","Rayo Vallecano (11.)","4-3-3 Attacking",87151,"6:1","14/15","6","1","61","WIN",NA,NA
"522","27.0","Sat 14/03/2015","Sat",NA,1899-12-31 17:00:00,"A","(1.)","SD Eibar (14.)","4-3-3 Attacking",5439,"0:2","14/15","0","2","02","WIN",NA,NA
"523","28.0","Sun 22/03/2015","Sun",NA,1899-12-31 20:00:00,"H","(1.)","Real Madrid (2.)","4-3-3 Attacking",98760,"2:1","14/15","2","1","21","WIN",NA,NA
"524","29.0","Sun 05/04/2015","Sun",NA,1899-12-31 20:00:00,"A","(1.)","Celta de Vigo (11.)","4-3-3 Attacking",23759,"0:1","14/15","0","1","01","WIN",NA,NA
"525","30.0","Wed 08/04/2015","Wed",NA,1899-12-31 19:00:00,"H","(1.)","UD Almería (19.)","4-3-3 Attacking",73837,"4:0","14/15","4","0","40","WIN",NA,NA
"526","31.0","Sat 11/04/2015","Sat",NA,1899-12-31 19:00:00,"A","(1.)","Sevilla FC (5.)","4-3-3 Attacking",40355,"2:2","14/15","2","2","22","DRAW",NA,NA
"527","32.0","Sat 18/04/2015","Sat",NA,1899-12-31 15:00:00,"H","(1.)","Valencia (4.)","4-3-3 Attacking",92915,"2:0","14/15","2","0","20","WIN",NA,NA
"528","33.0","Sat 25/04/2015","Sat",NA,1899-12-31 15:00:00,"A","(1.)","Espanyol (9.)","4-3-3 Attacking",30253,"0:2","14/15","0","2","02","WIN",NA,NA
"529","34.0","Tue 28/04/2015","Tue",NA,1899-12-31 19:00:00,"H","(1.)","Getafe (13.)","4-3-3 Attacking",65356,"6:0","14/15","6","0","60","WIN",NA,NA
"530","35.0","Sat 02/05/2015","Sat",NA,1899-12-31 15:00:00,"A","(1.)","Córdoba CF (20.)","4-3-3 Attacking",13775,"0:8","14/15","0","8","08","WIN",NA,NA
"531","36.0","Sat 09/05/2015","Sat",NA,1899-12-31 17:00:00,"H","(1.)","Real Sociedad (12.)","4-3-3 Attacking",86047,"2:0","14/15","2","0","20","WIN",NA,NA
"532","37.0","Sun 17/05/2015","Sun",NA,1899-12-31 18:00:00,"A","(1.)","Atlético (3.)","4-3-3 Attacking",53254,"0:1","14/15","0","1","01","WIN",NA,NA
"533","38.0","Sat 23/05/2015","Sat",NA,1899-12-31 17:30:00,"H","(1.)","Dep. La Coruña (17.)","4-3-3 Attacking",93743,"2:2","14/15","2","2","22","DRAW",NA,NA
"534","Group F","Wed 17/09/2014","Wed",NA,1899-12-31 19:45:00,"H",NA,"APOEL Nicosia","4-3-3 Attacking",62832,"1:0","14/15","1","0","10","WIN",NA,NA
"535","Group F","Tue 30/09/2014","Tue",NA,1899-12-31 19:45:00,"A",NA,"PSG","4-3-3 Attacking",46400,"3:2","14/15","3","2","32","LOSS",NA,NA
"536","Group F","Tue 21/10/2014","Tue",NA,1899-12-31 19:45:00,"H",NA,"Ajax","4-3-3 Attacking",79357,"3:1","14/15","3","1","31","WIN",NA,NA
"537","Group F","Wed 05/11/2014","Wed",NA,1899-12-31 19:45:00,"A",NA,"Ajax","4-3-3 Attacking",52117,"0:2","14/15","0","2","02","WIN",NA,NA
"538","Group F","Tue 25/11/2014","Tue",NA,1899-12-31 19:45:00,"A",NA,"APOEL Nicosia","4-3-3 Attacking",20626,"0:4","14/15","0","4","04","WIN",NA,NA
"539","Group F","Wed 10/12/2014","Wed",NA,1899-12-31 19:45:00,"H",NA,"PSG","4-2-3-1",82570,"3:1","14/15","3","1","31","WIN",NA,NA
"540","last 16 1st leg","Tue 24/02/2015","Tue",NA,1899-12-31 19:45:00,"A",NA,"Man City","4-3-3 Attacking",45081,"1:2","14/15","1","2","12","WIN",NA,NA
"541","last 16 2nd leg","Wed 18/03/2015","Wed",NA,1899-12-31 19:45:00,"H",NA,"Man City","4-3-3 Attacking",92551,"1:0","14/15","1","0","10","WIN",NA,NA
"542","Quarter-Finals 1st leg","Wed 15/04/2015","Wed",NA,1899-12-31 19:45:00,"A",NA,"PSG","4-3-3 Attacking",45893,"1:3","14/15","1","3","13","WIN",NA,NA
"543","Quarter-Finals 2nd leg","Tue 21/04/2015","Tue",NA,1899-12-31 19:45:00,"H",NA,"PSG","4-3-3 Attacking",84477,"2:0","14/15","2","0","20","WIN",NA,NA
"544","Semi-Finals 1st Leg","Wed 06/05/2015","Wed",NA,1899-12-31 19:45:00,"H",NA,"Bayern Munich","4-3-3 Attacking",95639,"3:0","14/15","3","0","30","WIN",NA,NA
"545","Semi-Finals 2nd Leg","Tue 12/05/2015","Tue",NA,1899-12-31 19:45:00,"A",NA,"Bayern Munich","4-3-3 Attacking",70000,"3:2","14/15","3","2","32","LOSS",NA,NA
"546","Final","Sat 06/06/2015","Sat",NA,1899-12-31 19:45:00,"A",NA,"Juventus","4-3-3 Attacking",70442,"1:3","14/15","1","3","13","WIN",NA,NA
"547","4th round 1st leg","Wed 03/12/2014","Wed",NA,1899-12-31 21:00:00,"A",NA,"SD Huesca","4-3-3 Attacking",4800,"0:4","14/15","0","4","04","WIN",NA,NA
"548","4th round 2nd leg","Tue 16/12/2014","Tue",NA,1899-12-31 21:00:00,"H",NA,"SD Huesca","4-3-3 Attacking",44884,"8:1","14/15","8","1","81","WIN",NA,NA
"549","last 16 1st leg","Thu 08/01/2015","Thu",NA,1899-12-31 21:00:00,"H",NA,"Elche CF","4-3-3 Attacking",27099,"5:0","14/15","5","0","50","WIN",NA,NA
"550","last 16 2nd leg","Thu 15/01/2015","Thu",NA,1899-12-31 21:00:00,"A",NA,"Elche CF","4-3-3 Attacking",13446,"0:4","14/15","0","4","04","WIN",NA,NA
"551","Quarter-Finals 1st leg","Wed 21/01/2015","Wed",NA,1899-12-31 21:00:00,"H",NA,"Atlético","4-3-3 Attacking",62225,"1:0","14/15","1","0","10","WIN",NA,NA
"552","Quarter-Finals 2nd leg","Wed 28/01/2015","Wed",NA,1899-12-31 20:00:00,"A",NA,"Atlético","4-3-3 Attacking",53800,"2:3","14/15","2","3","23","WIN",NA,NA
"553","Semi-Finals 1st Leg","Wed 11/02/2015","Wed",NA,1899-12-31 19:00:00,"H",NA,"Villarreal","4-3-3 Attacking",57000,"3:1","14/15","3","1","31","WIN",NA,NA
"554","Semi-Finals 2nd Leg","Wed 04/03/2015","Wed",NA,1899-12-31 19:00:00,"A",NA,"Villarreal","4-3-3 Attacking",23600,"1:3","14/15","1","3","13","WIN",NA,NA
"555","Final","Sat 30/05/2015","Sat",NA,1899-12-31 20:30:00,"H",NA,"Athletic Club","4-3-3 Attacking",99354,"1:3","14/15","3.0","1.0","31","WIN",NA,NA
